﻿기간,국가,HS코드,품목명,수출 중량,수출 금액,수입 중량,수입 금액,무역수지
"총계","","","",199438.9,5064438,26432.7,901421,4163017
"2019-01","네덜란드","3304","미용이나 메이크업용 제품류와 기초화장용 제품류[의약품은 제외하며, 선스크린(sunscreen)과 선탠(sun tan) 제품류를 포함한다], 매니큐어용 제품류와 페디큐어(pedicure)용 제품류",24.6,672,1.0,66,606
"2019-01","대만","3304","미용이나 메이크업용 제품류와 기초화장용 제품류[의약품은 제외하며, 선스크린(sunscreen)과 선탠(sun tan) 제품류를 포함한다], 매니큐어용 제품류와 페디큐어(pedicure)용 제품류",507.9,12132,1.2,32,12100
"2019-01","독일","3304","미용이나 메이크업용 제품류와 기초화장용 제품류[의약품은 제외하며, 선스크린(sunscreen)과 선탠(sun tan) 제품류를 포함한다], 매니큐어용 제품류와 페디큐어(pedicure)용 제품류",57.6,1750,116.3,2861,-1111
"2019-01","러시아 연방","3304","미용이나 메이크업용 제품류와 기초화장용 제품류[의약품은 제외하며, 선스크린(sunscreen)과 선탠(sun tan) 제품류를 포함한다], 매니큐어용 제품류와 페디큐어(pedicure)용 제품류",891.1,15348,0.1,22,15326
"2019-01","말레이시아","3304","미용이나 메이크업용 제품류와 기초화장용 제품류[의약품은 제외하며, 선스크린(sunscreen)과 선탠(sun tan) 제품류를 포함한다], 매니큐어용 제품류와 페디큐어(pedicure)용 제품류",150.0,5013,79.1,525,4488
"2019-01","미국","3304","미용이나 메이크업용 제품류와 기초화장용 제품류[의약품은 제외하며, 선스크린(sunscreen)과 선탠(sun tan) 제품류를 포함한다], 매니큐어용 제품류와 페디큐어(pedicure)용 제품류",1572.8,34751,527.5,18292,16458
"2019-01","베트남","3304","미용이나 메이크업용 제품류와 기초화장용 제품류[의약품은 제외하며, 선스크린(sunscreen)과 선탠(sun tan) 제품류를 포함한다], 매니큐어용 제품류와 페디큐어(pedicure)용 제품류",339.4,13461,4.0,155,13306
"2019-01","싱가포르","3304","미용이나 메이크업용 제품류와 기초화장용 제품류[의약품은 제외하며, 선스크린(sunscreen)과 선탠(sun tan) 제품류를 포함한다], 매니큐어용 제품류와 페디큐어(pedicure)용 제품류",293.5,8841,4.3,731,8110
"2019-01","아랍에미리트 연합","3304","미용이나 메이크업용 제품류와 기초화장용 제품류[의약품은 제외하며, 선스크린(sunscreen)과 선탠(sun tan) 제품류를 포함한다], 매니큐어용 제품류와 페디큐어(pedicure)용 제품류",55.2,1038,13.9,203,835
"2019-01","영국","3304","미용이나 메이크업용 제품류와 기초화장용 제품류[의약품은 제외하며, 선스크린(sunscreen)과 선탠(sun tan) 제품류를 포함한다], 매니큐어용 제품류와 페디큐어(pedicure)용 제품류",62.2,2493,49.8,2353,139
"2019-01","인도","3304","미용이나 메이크업용 제품류와 기초화장용 제품류[의약품은 제외하며, 선스크린(sunscreen)과 선탠(sun tan) 제품류를 포함한다], 매니큐어용 제품류와 페디큐어(pedicure)용 제품류",79.7,1378,82.9,425,953
"2019-01","인도네시아","3304","미용이나 메이크업용 제품류와 기초화장용 제품류[의약품은 제외하며, 선스크린(sunscreen)과 선탠(sun tan) 제품류를 포함한다], 매니큐어용 제품류와 페디큐어(pedicure)용 제품류",130.9,3767,2.9,30,3738
"2019-01","일본","3304","미용이나 메이크업용 제품류와 기초화장용 제품류[의약품은 제외하며, 선스크린(sunscreen)과 선탠(sun tan) 제품류를 포함한다], 매니큐어용 제품류와 페디큐어(pedicure)용 제품류",753.4,28449,478.6,14580,13869
"2019-01","중국","3304","미용이나 메이크업용 제품류와 기초화장용 제품류[의약품은 제외하며, 선스크린(sunscreen)과 선탠(sun tan) 제품류를 포함한다], 매니큐어용 제품류와 페디큐어(pedicure)용 제품류",5093.7,136455,119.1,2322,134133
"2019-01","캐나다","3304","미용이나 메이크업용 제품류와 기초화장용 제품류[의약품은 제외하며, 선스크린(sunscreen)과 선탠(sun tan) 제품류를 포함한다], 매니큐어용 제품류와 페디큐어(pedicure)용 제품류",73.6,1738,207.2,4367,-2628
"2019-01","태국","3304","미용이나 메이크업용 제품류와 기초화장용 제품류[의약품은 제외하며, 선스크린(sunscreen)과 선탠(sun tan) 제품류를 포함한다], 매니큐어용 제품류와 페디큐어(pedicure)용 제품류",339.8,11711,35.6,389,11321
"2019-01","튀르키예","3304","미용이나 메이크업용 제품류와 기초화장용 제품류[의약품은 제외하며, 선스크린(sunscreen)과 선탠(sun tan) 제품류를 포함한다], 매니큐어용 제품류와 페디큐어(pedicure)용 제품류",25.0,770,0.1,3,767
"2019-01","프랑스","3304","미용이나 메이크업용 제품류와 기초화장용 제품류[의약품은 제외하며, 선스크린(sunscreen)과 선탠(sun tan) 제품류를 포함한다], 매니큐어용 제품류와 페디큐어(pedicure)용 제품류",100.2,3655,525.7,26827,-23172
"2019-01","필리핀","3304","미용이나 메이크업용 제품류와 기초화장용 제품류[의약품은 제외하며, 선스크린(sunscreen)과 선탠(sun tan) 제품류를 포함한다], 매니큐어용 제품류와 페디큐어(pedicure)용 제품류",199.3,3550,0.5,4,3546
"2019-01","호주","3304","미용이나 메이크업용 제품류와 기초화장용 제품류[의약품은 제외하며, 선스크린(sunscreen)과 선탠(sun tan) 제품류를 포함한다], 매니큐어용 제품류와 페디큐어(pedicure)용 제품류",217.7,2306,78.6,2879,-573
"2019-01","홍콩","3304","미용이나 메이크업용 제품류와 기초화장용 제품류[의약품은 제외하며, 선스크린(sunscreen)과 선탠(sun tan) 제품류를 포함한다], 매니큐어용 제품류와 페디큐어(pedicure)용 제품류",3070.1,62500,6.6,285,62215
"2019-02","네덜란드","3304","미용이나 메이크업용 제품류와 기초화장용 제품류[의약품은 제외하며, 선스크린(sunscreen)과 선탠(sun tan) 제품류를 포함한다], 매니큐어용 제품류와 페디큐어(pedicure)용 제품류",7.5,227,0.5,73,154
"2019-02","대만","3304","미용이나 메이크업용 제품류와 기초화장용 제품류[의약품은 제외하며, 선스크린(sunscreen)과 선탠(sun tan) 제품류를 포함한다], 매니큐어용 제품류와 페디큐어(pedicure)용 제품류",357.9,10031,18.9,283,9748
"2019-02","독일","3304","미용이나 메이크업용 제품류와 기초화장용 제품류[의약품은 제외하며, 선스크린(sunscreen)과 선탠(sun tan) 제품류를 포함한다], 매니큐어용 제품류와 페디큐어(pedicure)용 제품류",19.3,666,87.6,2748,-2083
"2019-02","러시아 연방","3304","미용이나 메이크업용 제품류와 기초화장용 제품류[의약품은 제외하며, 선스크린(sunscreen)과 선탠(sun tan) 제품류를 포함한다], 매니큐어용 제품류와 페디큐어(pedicure)용 제품류",719.9,12493,0.1,28,12465
"2019-02","말레이시아","3304","미용이나 메이크업용 제품류와 기초화장용 제품류[의약품은 제외하며, 선스크린(sunscreen)과 선탠(sun tan) 제품류를 포함한다], 매니큐어용 제품류와 페디큐어(pedicure)용 제품류",128.4,4003,61.4,279,3724
"2019-02","미국","3304","미용이나 메이크업용 제품류와 기초화장용 제품류[의약품은 제외하며, 선스크린(sunscreen)과 선탠(sun tan) 제품류를 포함한다], 매니큐어용 제품류와 페디큐어(pedicure)용 제품류",1147.5,26733,435.8,18505,8227
"2019-02","베트남","3304","미용이나 메이크업용 제품류와 기초화장용 제품류[의약품은 제외하며, 선스크린(sunscreen)과 선탠(sun tan) 제품류를 포함한다], 매니큐어용 제품류와 페디큐어(pedicure)용 제품류",340.1,19950,0.8,12,19938
"2019-02","싱가포르","3304","미용이나 메이크업용 제품류와 기초화장용 제품류[의약품은 제외하며, 선스크린(sunscreen)과 선탠(sun tan) 제품류를 포함한다], 매니큐어용 제품류와 페디큐어(pedicure)용 제품류",203.2,6594,7.2,906,5688
"2019-02","아랍에미리트 연합","3304","미용이나 메이크업용 제품류와 기초화장용 제품류[의약품은 제외하며, 선스크린(sunscreen)과 선탠(sun tan) 제품류를 포함한다], 매니큐어용 제품류와 페디큐어(pedicure)용 제품류",49.1,775,2.8,20,755
"2019-02","영국","3304","미용이나 메이크업용 제품류와 기초화장용 제품류[의약품은 제외하며, 선스크린(sunscreen)과 선탠(sun tan) 제품류를 포함한다], 매니큐어용 제품류와 페디큐어(pedicure)용 제품류",38.5,1931,65.8,2263,-331
"2019-02","인도","3304","미용이나 메이크업용 제품류와 기초화장용 제품류[의약품은 제외하며, 선스크린(sunscreen)과 선탠(sun tan) 제품류를 포함한다], 매니큐어용 제품류와 페디큐어(pedicure)용 제품류",48.5,1008,70.2,296,712
"2019-02","인도네시아","3304","미용이나 메이크업용 제품류와 기초화장용 제품류[의약품은 제외하며, 선스크린(sunscreen)과 선탠(sun tan) 제품류를 포함한다], 매니큐어용 제품류와 페디큐어(pedicure)용 제품류",118.0,3098,7.7,233,2866
"2019-02","일본","3304","미용이나 메이크업용 제품류와 기초화장용 제품류[의약품은 제외하며, 선스크린(sunscreen)과 선탠(sun tan) 제품류를 포함한다], 매니큐어용 제품류와 페디큐어(pedicure)용 제품류",534.9,20537,418.9,14188,6349
"2019-02","중국","3304","미용이나 메이크업용 제품류와 기초화장용 제품류[의약품은 제외하며, 선스크린(sunscreen)과 선탠(sun tan) 제품류를 포함한다], 매니큐어용 제품류와 페디큐어(pedicure)용 제품류",5649.4,164738,94.8,1975,162763
"2019-02","캐나다","3304","미용이나 메이크업용 제품류와 기초화장용 제품류[의약품은 제외하며, 선스크린(sunscreen)과 선탠(sun tan) 제품류를 포함한다], 매니큐어용 제품류와 페디큐어(pedicure)용 제품류",66.0,1540,86.5,1786,-246
"2019-02","태국","3304","미용이나 메이크업용 제품류와 기초화장용 제품류[의약품은 제외하며, 선스크린(sunscreen)과 선탠(sun tan) 제품류를 포함한다], 매니큐어용 제품류와 페디큐어(pedicure)용 제품류",275.3,8745,36.9,474,8271
"2019-02","튀르키예","3304","미용이나 메이크업용 제품류와 기초화장용 제품류[의약품은 제외하며, 선스크린(sunscreen)과 선탠(sun tan) 제품류를 포함한다], 매니큐어용 제품류와 페디큐어(pedicure)용 제품류",14.3,555,0.0,1,555
"2019-02","프랑스","3304","미용이나 메이크업용 제품류와 기초화장용 제품류[의약품은 제외하며, 선스크린(sunscreen)과 선탠(sun tan) 제품류를 포함한다], 매니큐어용 제품류와 페디큐어(pedicure)용 제품류",70.0,2549,469.9,24580,-22031
"2019-02","필리핀","3304","미용이나 메이크업용 제품류와 기초화장용 제품류[의약품은 제외하며, 선스크린(sunscreen)과 선탠(sun tan) 제품류를 포함한다], 매니큐어용 제품류와 페디큐어(pedicure)용 제품류",122.0,2427,1.5,8,2419
"2019-02","호주","3304","미용이나 메이크업용 제품류와 기초화장용 제품류[의약품은 제외하며, 선스크린(sunscreen)과 선탠(sun tan) 제품류를 포함한다], 매니큐어용 제품류와 페디큐어(pedicure)용 제품류",112.7,1526,16.8,486,1040
"2019-02","홍콩","3304","미용이나 메이크업용 제품류와 기초화장용 제품류[의약품은 제외하며, 선스크린(sunscreen)과 선탠(sun tan) 제품류를 포함한다], 매니큐어용 제품류와 페디큐어(pedicure)용 제품류",2831.8,65677,9.5,261,65416
"2019-03","네덜란드","3304","미용이나 메이크업용 제품류와 기초화장용 제품류[의약품은 제외하며, 선스크린(sunscreen)과 선탠(sun tan) 제품류를 포함한다], 매니큐어용 제품류와 페디큐어(pedicure)용 제품류",38.6,758,0.5,155,603
"2019-03","대만","3304","미용이나 메이크업용 제품류와 기초화장용 제품류[의약품은 제외하며, 선스크린(sunscreen)과 선탠(sun tan) 제품류를 포함한다], 매니큐어용 제품류와 페디큐어(pedicure)용 제품류",472.5,9283,6.6,100,9182
"2019-03","독일","3304","미용이나 메이크업용 제품류와 기초화장용 제품류[의약품은 제외하며, 선스크린(sunscreen)과 선탠(sun tan) 제품류를 포함한다], 매니큐어용 제품류와 페디큐어(pedicure)용 제품류",52.2,1433,100.0,3533,-2100
"2019-03","러시아 연방","3304","미용이나 메이크업용 제품류와 기초화장용 제품류[의약품은 제외하며, 선스크린(sunscreen)과 선탠(sun tan) 제품류를 포함한다], 매니큐어용 제품류와 페디큐어(pedicure)용 제품류",876.7,16243,0.2,11,16231
"2019-03","말레이시아","3304","미용이나 메이크업용 제품류와 기초화장용 제품류[의약품은 제외하며, 선스크린(sunscreen)과 선탠(sun tan) 제품류를 포함한다], 매니큐어용 제품류와 페디큐어(pedicure)용 제품류",178.8,4744,52.5,343,4401
"2019-03","미국","3304","미용이나 메이크업용 제품류와 기초화장용 제품류[의약품은 제외하며, 선스크린(sunscreen)과 선탠(sun tan) 제품류를 포함한다], 매니큐어용 제품류와 페디큐어(pedicure)용 제품류",1695.6,37504,512.5,21044,16460
"2019-03","베트남","3304","미용이나 메이크업용 제품류와 기초화장용 제품류[의약품은 제외하며, 선스크린(sunscreen)과 선탠(sun tan) 제품류를 포함한다], 매니큐어용 제품류와 페디큐어(pedicure)용 제품류",438.0,17179,17.0,464,16716
"2019-03","싱가포르","3304","미용이나 메이크업용 제품류와 기초화장용 제품류[의약품은 제외하며, 선스크린(sunscreen)과 선탠(sun tan) 제품류를 포함한다], 매니큐어용 제품류와 페디큐어(pedicure)용 제품류",310.2,8900,6.4,771,8129
"2019-03","아랍에미리트 연합","3304","미용이나 메이크업용 제품류와 기초화장용 제품류[의약품은 제외하며, 선스크린(sunscreen)과 선탠(sun tan) 제품류를 포함한다], 매니큐어용 제품류와 페디큐어(pedicure)용 제품류",46.3,1089,5.5,90,999
"2019-03","영국","3304","미용이나 메이크업용 제품류와 기초화장용 제품류[의약품은 제외하며, 선스크린(sunscreen)과 선탠(sun tan) 제품류를 포함한다], 매니큐어용 제품류와 페디큐어(pedicure)용 제품류",93.9,3116,66.8,2419,696
"2019-03","인도","3304","미용이나 메이크업용 제품류와 기초화장용 제품류[의약품은 제외하며, 선스크린(sunscreen)과 선탠(sun tan) 제품류를 포함한다], 매니큐어용 제품류와 페디큐어(pedicure)용 제품류",136.9,1591,43.0,150,1440
"2019-03","인도네시아","3304","미용이나 메이크업용 제품류와 기초화장용 제품류[의약품은 제외하며, 선스크린(sunscreen)과 선탠(sun tan) 제품류를 포함한다], 매니큐어용 제품류와 페디큐어(pedicure)용 제품류",154.9,4230,1.7,53,4177
"2019-03","일본","3304","미용이나 메이크업용 제품류와 기초화장용 제품류[의약품은 제외하며, 선스크린(sunscreen)과 선탠(sun tan) 제품류를 포함한다], 매니큐어용 제품류와 페디큐어(pedicure)용 제품류",791.2,30243,552.4,17919,12324
"2019-03","중국","3304","미용이나 메이크업용 제품류와 기초화장용 제품류[의약품은 제외하며, 선스크린(sunscreen)과 선탠(sun tan) 제품류를 포함한다], 매니큐어용 제품류와 페디큐어(pedicure)용 제품류",7396.1,209936,314.3,4920,205016
"2019-03","캐나다","3304","미용이나 메이크업용 제품류와 기초화장용 제품류[의약품은 제외하며, 선스크린(sunscreen)과 선탠(sun tan) 제품류를 포함한다], 매니큐어용 제품류와 페디큐어(pedicure)용 제품류",93.2,2017,140.1,1865,151
"2019-03","태국","3304","미용이나 메이크업용 제품류와 기초화장용 제품류[의약품은 제외하며, 선스크린(sunscreen)과 선탠(sun tan) 제품류를 포함한다], 매니큐어용 제품류와 페디큐어(pedicure)용 제품류",327.6,12258,69.5,771,11488
"2019-03","튀르키예","3304","미용이나 메이크업용 제품류와 기초화장용 제품류[의약품은 제외하며, 선스크린(sunscreen)과 선탠(sun tan) 제품류를 포함한다], 매니큐어용 제품류와 페디큐어(pedicure)용 제품류",21.3,840,0.4,27,813
"2019-03","프랑스","3304","미용이나 메이크업용 제품류와 기초화장용 제품류[의약품은 제외하며, 선스크린(sunscreen)과 선탠(sun tan) 제품류를 포함한다], 매니큐어용 제품류와 페디큐어(pedicure)용 제품류",79.3,2646,566.5,31197,-28551
"2019-03","필리핀","3304","미용이나 메이크업용 제품류와 기초화장용 제품류[의약품은 제외하며, 선스크린(sunscreen)과 선탠(sun tan) 제품류를 포함한다], 매니큐어용 제품류와 페디큐어(pedicure)용 제품류",173.1,2958,2.6,17,2941
"2019-03","호주","3304","미용이나 메이크업용 제품류와 기초화장용 제품류[의약품은 제외하며, 선스크린(sunscreen)과 선탠(sun tan) 제품류를 포함한다], 매니큐어용 제품류와 페디큐어(pedicure)용 제품류",210.1,2482,64.1,3142,-660
"2019-03","홍콩","3304","미용이나 메이크업용 제품류와 기초화장용 제품류[의약품은 제외하며, 선스크린(sunscreen)과 선탠(sun tan) 제품류를 포함한다], 매니큐어용 제품류와 페디큐어(pedicure)용 제품류",3466.5,81983,24.4,782,81200
"2019-04","네덜란드","3304","미용이나 메이크업용 제품류와 기초화장용 제품류[의약품은 제외하며, 선스크린(sunscreen)과 선탠(sun tan) 제품류를 포함한다], 매니큐어용 제품류와 페디큐어(pedicure)용 제품류",19.6,442,0.7,39,403
"2019-04","대만","3304","미용이나 메이크업용 제품류와 기초화장용 제품류[의약품은 제외하며, 선스크린(sunscreen)과 선탠(sun tan) 제품류를 포함한다], 매니큐어용 제품류와 페디큐어(pedicure)용 제품류",432.6,10411,17.3,233,10179
"2019-04","독일","3304","미용이나 메이크업용 제품류와 기초화장용 제품류[의약품은 제외하며, 선스크린(sunscreen)과 선탠(sun tan) 제품류를 포함한다], 매니큐어용 제품류와 페디큐어(pedicure)용 제품류",135.4,1863,125.0,4818,-2955
"2019-04","러시아 연방","3304","미용이나 메이크업용 제품류와 기초화장용 제품류[의약품은 제외하며, 선스크린(sunscreen)과 선탠(sun tan) 제품류를 포함한다], 매니큐어용 제품류와 페디큐어(pedicure)용 제품류",864.3,13901,5.1,118,13782
"2019-04","말레이시아","3304","미용이나 메이크업용 제품류와 기초화장용 제품류[의약품은 제외하며, 선스크린(sunscreen)과 선탠(sun tan) 제품류를 포함한다], 매니큐어용 제품류와 페디큐어(pedicure)용 제품류",170.2,6017,93.8,497,5520
"2019-04","미국","3304","미용이나 메이크업용 제품류와 기초화장용 제품류[의약품은 제외하며, 선스크린(sunscreen)과 선탠(sun tan) 제품류를 포함한다], 매니큐어용 제품류와 페디큐어(pedicure)용 제품류",1650.9,40343,475.4,19637,20706
"2019-04","베트남","3304","미용이나 메이크업용 제품류와 기초화장용 제품류[의약품은 제외하며, 선스크린(sunscreen)과 선탠(sun tan) 제품류를 포함한다], 매니큐어용 제품류와 페디큐어(pedicure)용 제품류",378.6,12485,2.2,52,12433
"2019-04","싱가포르","3304","미용이나 메이크업용 제품류와 기초화장용 제품류[의약품은 제외하며, 선스크린(sunscreen)과 선탠(sun tan) 제품류를 포함한다], 매니큐어용 제품류와 페디큐어(pedicure)용 제품류",290.0,8644,6.1,547,8097
"2019-04","아랍에미리트 연합","3304","미용이나 메이크업용 제품류와 기초화장용 제품류[의약품은 제외하며, 선스크린(sunscreen)과 선탠(sun tan) 제품류를 포함한다], 매니큐어용 제품류와 페디큐어(pedicure)용 제품류",33.8,1031,4.9,64,967
"2019-04","영국","3304","미용이나 메이크업용 제품류와 기초화장용 제품류[의약품은 제외하며, 선스크린(sunscreen)과 선탠(sun tan) 제품류를 포함한다], 매니큐어용 제품류와 페디큐어(pedicure)용 제품류",65.7,2776,46.0,1645,1131
"2019-04","인도","3304","미용이나 메이크업용 제품류와 기초화장용 제품류[의약품은 제외하며, 선스크린(sunscreen)과 선탠(sun tan) 제품류를 포함한다], 매니큐어용 제품류와 페디큐어(pedicure)용 제품류",99.6,1278,4.4,14,1263
"2019-04","인도네시아","3304","미용이나 메이크업용 제품류와 기초화장용 제품류[의약품은 제외하며, 선스크린(sunscreen)과 선탠(sun tan) 제품류를 포함한다], 매니큐어용 제품류와 페디큐어(pedicure)용 제품류",218.1,5000,3.3,74,4926
"2019-04","일본","3304","미용이나 메이크업용 제품류와 기초화장용 제품류[의약품은 제외하며, 선스크린(sunscreen)과 선탠(sun tan) 제품류를 포함한다], 매니큐어용 제품류와 페디큐어(pedicure)용 제품류",768.8,27253,439.5,14038,13215
"2019-04","중국","3304","미용이나 메이크업용 제품류와 기초화장용 제품류[의약품은 제외하며, 선스크린(sunscreen)과 선탠(sun tan) 제품류를 포함한다], 매니큐어용 제품류와 페디큐어(pedicure)용 제품류",7813.2,211666,255.5,3480,208187
"2019-04","캐나다","3304","미용이나 메이크업용 제품류와 기초화장용 제품류[의약품은 제외하며, 선스크린(sunscreen)과 선탠(sun tan) 제품류를 포함한다], 매니큐어용 제품류와 페디큐어(pedicure)용 제품류",111.5,2110,145.6,1735,375
"2019-04","태국","3304","미용이나 메이크업용 제품류와 기초화장용 제품류[의약품은 제외하며, 선스크린(sunscreen)과 선탠(sun tan) 제품류를 포함한다], 매니큐어용 제품류와 페디큐어(pedicure)용 제품류",274.3,10074,40.1,337,9737
"2019-04","튀르키예","3304","미용이나 메이크업용 제품류와 기초화장용 제품류[의약품은 제외하며, 선스크린(sunscreen)과 선탠(sun tan) 제품류를 포함한다], 매니큐어용 제품류와 페디큐어(pedicure)용 제품류",38.6,665,0.2,48,616
"2019-04","프랑스","3304","미용이나 메이크업용 제품류와 기초화장용 제품류[의약품은 제외하며, 선스크린(sunscreen)과 선탠(sun tan) 제품류를 포함한다], 매니큐어용 제품류와 페디큐어(pedicure)용 제품류",83.6,3254,620.1,30183,-26929
"2019-04","필리핀","3304","미용이나 메이크업용 제품류와 기초화장용 제품류[의약품은 제외하며, 선스크린(sunscreen)과 선탠(sun tan) 제품류를 포함한다], 매니큐어용 제품류와 페디큐어(pedicure)용 제품류",289.4,3574,0.6,21,3554
"2019-04","호주","3304","미용이나 메이크업용 제품류와 기초화장용 제품류[의약품은 제외하며, 선스크린(sunscreen)과 선탠(sun tan) 제품류를 포함한다], 매니큐어용 제품류와 페디큐어(pedicure)용 제품류",198.7,2355,46.5,1747,607
"2019-04","홍콩","3304","미용이나 메이크업용 제품류와 기초화장용 제품류[의약품은 제외하며, 선스크린(sunscreen)과 선탠(sun tan) 제품류를 포함한다], 매니큐어용 제품류와 페디큐어(pedicure)용 제품류",2757.8,66711,7.5,361,66349
"2019-05","네덜란드","3304","미용이나 메이크업용 제품류와 기초화장용 제품류[의약품은 제외하며, 선스크린(sunscreen)과 선탠(sun tan) 제품류를 포함한다], 매니큐어용 제품류와 페디큐어(pedicure)용 제품류",24.6,562,0.4,82,480
"2019-05","대만","3304","미용이나 메이크업용 제품류와 기초화장용 제품류[의약품은 제외하며, 선스크린(sunscreen)과 선탠(sun tan) 제품류를 포함한다], 매니큐어용 제품류와 페디큐어(pedicure)용 제품류",413.0,8436,44.9,868,7568
"2019-05","독일","3304","미용이나 메이크업용 제품류와 기초화장용 제품류[의약품은 제외하며, 선스크린(sunscreen)과 선탠(sun tan) 제품류를 포함한다], 매니큐어용 제품류와 페디큐어(pedicure)용 제품류",65.6,1502,54.7,1846,-344
"2019-05","러시아 연방","3304","미용이나 메이크업용 제품류와 기초화장용 제품류[의약품은 제외하며, 선스크린(sunscreen)과 선탠(sun tan) 제품류를 포함한다], 매니큐어용 제품류와 페디큐어(pedicure)용 제품류",973.5,16961,0.2,10,16952
"2019-05","말레이시아","3304","미용이나 메이크업용 제품류와 기초화장용 제품류[의약품은 제외하며, 선스크린(sunscreen)과 선탠(sun tan) 제품류를 포함한다], 매니큐어용 제품류와 페디큐어(pedicure)용 제품류",187.4,5685,57.7,374,5311
"2019-05","미국","3304","미용이나 메이크업용 제품류와 기초화장용 제품류[의약품은 제외하며, 선스크린(sunscreen)과 선탠(sun tan) 제품류를 포함한다], 매니큐어용 제품류와 페디큐어(pedicure)용 제품류",1698.8,39984,487.7,18803,21180
"2019-05","베트남","3304","미용이나 메이크업용 제품류와 기초화장용 제품류[의약품은 제외하며, 선스크린(sunscreen)과 선탠(sun tan) 제품류를 포함한다], 매니큐어용 제품류와 페디큐어(pedicure)용 제품류",433.9,16283,1.9,35,16249
"2019-05","싱가포르","3304","미용이나 메이크업용 제품류와 기초화장용 제품류[의약품은 제외하며, 선스크린(sunscreen)과 선탠(sun tan) 제품류를 포함한다], 매니큐어용 제품류와 페디큐어(pedicure)용 제품류",289.1,10307,4.5,427,9879
"2019-05","아랍에미리트 연합","3304","미용이나 메이크업용 제품류와 기초화장용 제품류[의약품은 제외하며, 선스크린(sunscreen)과 선탠(sun tan) 제품류를 포함한다], 매니큐어용 제품류와 페디큐어(pedicure)용 제품류",39.4,782,14.3,58,724
"2019-05","영국","3304","미용이나 메이크업용 제품류와 기초화장용 제품류[의약품은 제외하며, 선스크린(sunscreen)과 선탠(sun tan) 제품류를 포함한다], 매니큐어용 제품류와 페디큐어(pedicure)용 제품류",80.0,2935,99.9,2928,7
"2019-05","인도","3304","미용이나 메이크업용 제품류와 기초화장용 제품류[의약품은 제외하며, 선스크린(sunscreen)과 선탠(sun tan) 제품류를 포함한다], 매니큐어용 제품류와 페디큐어(pedicure)용 제품류",91.3,1232,6.0,43,1189
"2019-05","인도네시아","3304","미용이나 메이크업용 제품류와 기초화장용 제품류[의약품은 제외하며, 선스크린(sunscreen)과 선탠(sun tan) 제품류를 포함한다], 매니큐어용 제품류와 페디큐어(pedicure)용 제품류",159.8,4404,0.4,6,4398
"2019-05","일본","3304","미용이나 메이크업용 제품류와 기초화장용 제품류[의약품은 제외하며, 선스크린(sunscreen)과 선탠(sun tan) 제품류를 포함한다], 매니큐어용 제품류와 페디큐어(pedicure)용 제품류",834.0,31056,317.1,11218,19838
"2019-05","중국","3304","미용이나 메이크업용 제품류와 기초화장용 제품류[의약품은 제외하며, 선스크린(sunscreen)과 선탠(sun tan) 제품류를 포함한다], 매니큐어용 제품류와 페디큐어(pedicure)용 제품류",8079.4,217377,86.8,1950,215427
"2019-05","캐나다","3304","미용이나 메이크업용 제품류와 기초화장용 제품류[의약품은 제외하며, 선스크린(sunscreen)과 선탠(sun tan) 제품류를 포함한다], 매니큐어용 제품류와 페디큐어(pedicure)용 제품류",68.0,1710,138.0,2113,-403
"2019-05","태국","3304","미용이나 메이크업용 제품류와 기초화장용 제품류[의약품은 제외하며, 선스크린(sunscreen)과 선탠(sun tan) 제품류를 포함한다], 매니큐어용 제품류와 페디큐어(pedicure)용 제품류",292.3,11406,46.7,659,10748
"2019-05","튀르키예","3304","미용이나 메이크업용 제품류와 기초화장용 제품류[의약품은 제외하며, 선스크린(sunscreen)과 선탠(sun tan) 제품류를 포함한다], 매니큐어용 제품류와 페디큐어(pedicure)용 제품류",47.1,1091,0.0,3,1089
"2019-05","프랑스","3304","미용이나 메이크업용 제품류와 기초화장용 제품류[의약품은 제외하며, 선스크린(sunscreen)과 선탠(sun tan) 제품류를 포함한다], 매니큐어용 제품류와 페디큐어(pedicure)용 제품류",81.2,3298,588.4,27083,-23785
"2019-05","필리핀","3304","미용이나 메이크업용 제품류와 기초화장용 제품류[의약품은 제외하며, 선스크린(sunscreen)과 선탠(sun tan) 제품류를 포함한다], 매니큐어용 제품류와 페디큐어(pedicure)용 제품류",240.6,3491,3.6,19,3472
"2019-05","호주","3304","미용이나 메이크업용 제품류와 기초화장용 제품류[의약품은 제외하며, 선스크린(sunscreen)과 선탠(sun tan) 제품류를 포함한다], 매니큐어용 제품류와 페디큐어(pedicure)용 제품류",245.6,2906,46.8,1978,928
"2019-05","홍콩","3304","미용이나 메이크업용 제품류와 기초화장용 제품류[의약품은 제외하며, 선스크린(sunscreen)과 선탠(sun tan) 제품류를 포함한다], 매니큐어용 제품류와 페디큐어(pedicure)용 제품류",2909.8,67754,8.6,376,67378
"2019-06","네덜란드","3304","미용이나 메이크업용 제품류와 기초화장용 제품류[의약품은 제외하며, 선스크린(sunscreen)과 선탠(sun tan) 제품류를 포함한다], 매니큐어용 제품류와 페디큐어(pedicure)용 제품류",25.5,730,0.9,124,606
"2019-06","대만","3304","미용이나 메이크업용 제품류와 기초화장용 제품류[의약품은 제외하며, 선스크린(sunscreen)과 선탠(sun tan) 제품류를 포함한다], 매니큐어용 제품류와 페디큐어(pedicure)용 제품류",354.8,8072,21.3,271,7801
"2019-06","독일","3304","미용이나 메이크업용 제품류와 기초화장용 제품류[의약품은 제외하며, 선스크린(sunscreen)과 선탠(sun tan) 제품류를 포함한다], 매니큐어용 제품류와 페디큐어(pedicure)용 제품류",41.6,1171,97.9,3002,-1831
"2019-06","러시아 연방","3304","미용이나 메이크업용 제품류와 기초화장용 제품류[의약품은 제외하며, 선스크린(sunscreen)과 선탠(sun tan) 제품류를 포함한다], 매니큐어용 제품류와 페디큐어(pedicure)용 제품류",830.6,14158,1.0,18,14140
"2019-06","말레이시아","3304","미용이나 메이크업용 제품류와 기초화장용 제품류[의약품은 제외하며, 선스크린(sunscreen)과 선탠(sun tan) 제품류를 포함한다], 매니큐어용 제품류와 페디큐어(pedicure)용 제품류",179.4,5220,58.8,437,4783
"2019-06","미국","3304","미용이나 메이크업용 제품류와 기초화장용 제품류[의약품은 제외하며, 선스크린(sunscreen)과 선탠(sun tan) 제품류를 포함한다], 매니큐어용 제품류와 페디큐어(pedicure)용 제품류",1626.4,36249,435.4,18497,17753
"2019-06","베트남","3304","미용이나 메이크업용 제품류와 기초화장용 제품류[의약품은 제외하며, 선스크린(sunscreen)과 선탠(sun tan) 제품류를 포함한다], 매니큐어용 제품류와 페디큐어(pedicure)용 제품류",323.9,12680,7.0,167,12513
"2019-06","싱가포르","3304","미용이나 메이크업용 제품류와 기초화장용 제품류[의약품은 제외하며, 선스크린(sunscreen)과 선탠(sun tan) 제품류를 포함한다], 매니큐어용 제품류와 페디큐어(pedicure)용 제품류",294.9,7950,4.2,416,7533
"2019-06","아랍에미리트 연합","3304","미용이나 메이크업용 제품류와 기초화장용 제품류[의약품은 제외하며, 선스크린(sunscreen)과 선탠(sun tan) 제품류를 포함한다], 매니큐어용 제품류와 페디큐어(pedicure)용 제품류",37.6,825,0.0,2,823
"2019-06","영국","3304","미용이나 메이크업용 제품류와 기초화장용 제품류[의약품은 제외하며, 선스크린(sunscreen)과 선탠(sun tan) 제품류를 포함한다], 매니큐어용 제품류와 페디큐어(pedicure)용 제품류",72.0,2627,64.4,2539,89
"2019-06","인도","3304","미용이나 메이크업용 제품류와 기초화장용 제품류[의약품은 제외하며, 선스크린(sunscreen)과 선탠(sun tan) 제품류를 포함한다], 매니큐어용 제품류와 페디큐어(pedicure)용 제품류",70.6,942,60.3,186,755
"2019-06","인도네시아","3304","미용이나 메이크업용 제품류와 기초화장용 제품류[의약품은 제외하며, 선스크린(sunscreen)과 선탠(sun tan) 제품류를 포함한다], 매니큐어용 제품류와 페디큐어(pedicure)용 제품류",161.3,3758,2.4,22,3736
"2019-06","일본","3304","미용이나 메이크업용 제품류와 기초화장용 제품류[의약품은 제외하며, 선스크린(sunscreen)과 선탠(sun tan) 제품류를 포함한다], 매니큐어용 제품류와 페디큐어(pedicure)용 제품류",699.5,23273,427.5,13018,10255
"2019-06","중국","3304","미용이나 메이크업용 제품류와 기초화장용 제품류[의약품은 제외하며, 선스크린(sunscreen)과 선탠(sun tan) 제품류를 포함한다], 매니큐어용 제품류와 페디큐어(pedicure)용 제품류",6313.2,160716,81.1,2155,158561
"2019-06","캐나다","3304","미용이나 메이크업용 제품류와 기초화장용 제품류[의약품은 제외하며, 선스크린(sunscreen)과 선탠(sun tan) 제품류를 포함한다], 매니큐어용 제품류와 페디큐어(pedicure)용 제품류",141.4,3368,100.8,1872,1495
"2019-06","태국","3304","미용이나 메이크업용 제품류와 기초화장용 제품류[의약품은 제외하며, 선스크린(sunscreen)과 선탠(sun tan) 제품류를 포함한다], 매니큐어용 제품류와 페디큐어(pedicure)용 제품류",275.9,9372,31.2,424,8948
"2019-06","튀르키예","3304","미용이나 메이크업용 제품류와 기초화장용 제품류[의약품은 제외하며, 선스크린(sunscreen)과 선탠(sun tan) 제품류를 포함한다], 매니큐어용 제품류와 페디큐어(pedicure)용 제품류",47.8,804,0.1,8,796
"2019-06","프랑스","3304","미용이나 메이크업용 제품류와 기초화장용 제품류[의약품은 제외하며, 선스크린(sunscreen)과 선탠(sun tan) 제품류를 포함한다], 매니큐어용 제품류와 페디큐어(pedicure)용 제품류",89.1,3797,444.2,22267,-18470
"2019-06","필리핀","3304","미용이나 메이크업용 제품류와 기초화장용 제품류[의약품은 제외하며, 선스크린(sunscreen)과 선탠(sun tan) 제품류를 포함한다], 매니큐어용 제품류와 페디큐어(pedicure)용 제품류",283.2,3201,0.0,1,3200
"2019-06","호주","3304","미용이나 메이크업용 제품류와 기초화장용 제품류[의약품은 제외하며, 선스크린(sunscreen)과 선탠(sun tan) 제품류를 포함한다], 매니큐어용 제품류와 페디큐어(pedicure)용 제품류",103.0,1731,55.1,1472,259
"2019-06","홍콩","3304","미용이나 메이크업용 제품류와 기초화장용 제품류[의약품은 제외하며, 선스크린(sunscreen)과 선탠(sun tan) 제품류를 포함한다], 매니큐어용 제품류와 페디큐어(pedicure)용 제품류",2810.3,65584,6.0,265,65319
"2019-07","네덜란드","3304","미용이나 메이크업용 제품류와 기초화장용 제품류[의약품은 제외하며, 선스크린(sunscreen)과 선탠(sun tan) 제품류를 포함한다], 매니큐어용 제품류와 페디큐어(pedicure)용 제품류",23.4,406,1.7,576,-169
"2019-07","대만","3304","미용이나 메이크업용 제품류와 기초화장용 제품류[의약품은 제외하며, 선스크린(sunscreen)과 선탠(sun tan) 제품류를 포함한다], 매니큐어용 제품류와 페디큐어(pedicure)용 제품류",395.9,10109,42.9,563,9547
"2019-07","독일","3304","미용이나 메이크업용 제품류와 기초화장용 제품류[의약품은 제외하며, 선스크린(sunscreen)과 선탠(sun tan) 제품류를 포함한다], 매니큐어용 제품류와 페디큐어(pedicure)용 제품류",40.4,1055,155.9,4008,-2953
"2019-07","러시아 연방","3304","미용이나 메이크업용 제품류와 기초화장용 제품류[의약품은 제외하며, 선스크린(sunscreen)과 선탠(sun tan) 제품류를 포함한다], 매니큐어용 제품류와 페디큐어(pedicure)용 제품류",690.8,13396,1.3,31,13365
"2019-07","말레이시아","3304","미용이나 메이크업용 제품류와 기초화장용 제품류[의약품은 제외하며, 선스크린(sunscreen)과 선탠(sun tan) 제품류를 포함한다], 매니큐어용 제품류와 페디큐어(pedicure)용 제품류",204.9,5973,46.2,195,5779
"2019-07","미국","3304","미용이나 메이크업용 제품류와 기초화장용 제품류[의약품은 제외하며, 선스크린(sunscreen)과 선탠(sun tan) 제품류를 포함한다], 매니큐어용 제품류와 페디큐어(pedicure)용 제품류",1898.7,38857,543.0,19444,19413
"2019-07","베트남","3304","미용이나 메이크업용 제품류와 기초화장용 제품류[의약품은 제외하며, 선스크린(sunscreen)과 선탠(sun tan) 제품류를 포함한다], 매니큐어용 제품류와 페디큐어(pedicure)용 제품류",469.0,15950,2.4,44,15906
"2019-07","싱가포르","3304","미용이나 메이크업용 제품류와 기초화장용 제품류[의약품은 제외하며, 선스크린(sunscreen)과 선탠(sun tan) 제품류를 포함한다], 매니큐어용 제품류와 페디큐어(pedicure)용 제품류",328.3,10014,7.2,904,9109
"2019-07","아랍에미리트 연합","3304","미용이나 메이크업용 제품류와 기초화장용 제품류[의약품은 제외하며, 선스크린(sunscreen)과 선탠(sun tan) 제품류를 포함한다], 매니큐어용 제품류와 페디큐어(pedicure)용 제품류",25.2,1021,3.5,19,1002
"2019-07","영국","3304","미용이나 메이크업용 제품류와 기초화장용 제품류[의약품은 제외하며, 선스크린(sunscreen)과 선탠(sun tan) 제품류를 포함한다], 매니큐어용 제품류와 페디큐어(pedicure)용 제품류",104.2,3730,102.8,3133,597
"2019-07","인도","3304","미용이나 메이크업용 제품류와 기초화장용 제품류[의약품은 제외하며, 선스크린(sunscreen)과 선탠(sun tan) 제품류를 포함한다], 매니큐어용 제품류와 페디큐어(pedicure)용 제품류",90.8,1265,11.4,153,1112
"2019-07","인도네시아","3304","미용이나 메이크업용 제품류와 기초화장용 제품류[의약품은 제외하며, 선스크린(sunscreen)과 선탠(sun tan) 제품류를 포함한다], 매니큐어용 제품류와 페디큐어(pedicure)용 제품류",233.9,5583,2.9,38,5544
"2019-07","일본","3304","미용이나 메이크업용 제품류와 기초화장용 제품류[의약품은 제외하며, 선스크린(sunscreen)과 선탠(sun tan) 제품류를 포함한다], 매니큐어용 제품류와 페디큐어(pedicure)용 제품류",828.8,27745,333.5,14337,13408
"2019-07","중국","3304","미용이나 메이크업용 제품류와 기초화장용 제품류[의약품은 제외하며, 선스크린(sunscreen)과 선탠(sun tan) 제품류를 포함한다], 매니큐어용 제품류와 페디큐어(pedicure)용 제품류",7613.3,180503,92.6,2481,178022
"2019-07","캐나다","3304","미용이나 메이크업용 제품류와 기초화장용 제품류[의약품은 제외하며, 선스크린(sunscreen)과 선탠(sun tan) 제품류를 포함한다], 매니큐어용 제품류와 페디큐어(pedicure)용 제품류",120.5,2910,326.0,3399,-489
"2019-07","태국","3304","미용이나 메이크업용 제품류와 기초화장용 제품류[의약품은 제외하며, 선스크린(sunscreen)과 선탠(sun tan) 제품류를 포함한다], 매니큐어용 제품류와 페디큐어(pedicure)용 제품류",292.1,9409,58.3,390,9019
"2019-07","튀르키예","3304","미용이나 메이크업용 제품류와 기초화장용 제품류[의약품은 제외하며, 선스크린(sunscreen)과 선탠(sun tan) 제품류를 포함한다], 매니큐어용 제품류와 페디큐어(pedicure)용 제품류",23.8,743,0.0,3,741
"2019-07","프랑스","3304","미용이나 메이크업용 제품류와 기초화장용 제품류[의약품은 제외하며, 선스크린(sunscreen)과 선탠(sun tan) 제품류를 포함한다], 매니큐어용 제품류와 페디큐어(pedicure)용 제품류",100.3,4074,538.3,26802,-22728
"2019-07","필리핀","3304","미용이나 메이크업용 제품류와 기초화장용 제품류[의약품은 제외하며, 선스크린(sunscreen)과 선탠(sun tan) 제품류를 포함한다], 매니큐어용 제품류와 페디큐어(pedicure)용 제품류",306.0,3305,7.2,38,3267
"2019-07","호주","3304","미용이나 메이크업용 제품류와 기초화장용 제품류[의약품은 제외하며, 선스크린(sunscreen)과 선탠(sun tan) 제품류를 포함한다], 매니큐어용 제품류와 페디큐어(pedicure)용 제품류",152.3,2290,63.4,3090,-800
"2019-07","홍콩","3304","미용이나 메이크업용 제품류와 기초화장용 제품류[의약품은 제외하며, 선스크린(sunscreen)과 선탠(sun tan) 제품류를 포함한다], 매니큐어용 제품류와 페디큐어(pedicure)용 제품류",2264.8,52044,2.6,227,51817
"2019-08","네덜란드","3304","미용이나 메이크업용 제품류와 기초화장용 제품류[의약품은 제외하며, 선스크린(sunscreen)과 선탠(sun tan) 제품류를 포함한다], 매니큐어용 제품류와 페디큐어(pedicure)용 제품류",13.8,306,0.3,12,294
"2019-08","대만","3304","미용이나 메이크업용 제품류와 기초화장용 제품류[의약품은 제외하며, 선스크린(sunscreen)과 선탠(sun tan) 제품류를 포함한다], 매니큐어용 제품류와 페디큐어(pedicure)용 제품류",379.5,9587,0.6,24,9563
"2019-08","독일","3304","미용이나 메이크업용 제품류와 기초화장용 제품류[의약품은 제외하며, 선스크린(sunscreen)과 선탠(sun tan) 제품류를 포함한다], 매니큐어용 제품류와 페디큐어(pedicure)용 제품류",35.3,766,96.8,2701,-1935
"2019-08","러시아 연방","3304","미용이나 메이크업용 제품류와 기초화장용 제품류[의약품은 제외하며, 선스크린(sunscreen)과 선탠(sun tan) 제품류를 포함한다], 매니큐어용 제품류와 페디큐어(pedicure)용 제품류",790.6,15127,0.3,14,15113
"2019-08","말레이시아","3304","미용이나 메이크업용 제품류와 기초화장용 제품류[의약품은 제외하며, 선스크린(sunscreen)과 선탠(sun tan) 제품류를 포함한다], 매니큐어용 제품류와 페디큐어(pedicure)용 제품류",195.7,5297,118.9,697,4600
"2019-08","미국","3304","미용이나 메이크업용 제품류와 기초화장용 제품류[의약품은 제외하며, 선스크린(sunscreen)과 선탠(sun tan) 제품류를 포함한다], 매니큐어용 제품류와 페디큐어(pedicure)용 제품류",1979.9,36229,535.2,21666,14562
"2019-08","베트남","3304","미용이나 메이크업용 제품류와 기초화장용 제품류[의약품은 제외하며, 선스크린(sunscreen)과 선탠(sun tan) 제품류를 포함한다], 매니큐어용 제품류와 페디큐어(pedicure)용 제품류",433.8,15426,3.0,42,15385
"2019-08","싱가포르","3304","미용이나 메이크업용 제품류와 기초화장용 제품류[의약품은 제외하며, 선스크린(sunscreen)과 선탠(sun tan) 제품류를 포함한다], 매니큐어용 제품류와 페디큐어(pedicure)용 제품류",261.5,7480,7.5,864,6616
"2019-08","아랍에미리트 연합","3304","미용이나 메이크업용 제품류와 기초화장용 제품류[의약품은 제외하며, 선스크린(sunscreen)과 선탠(sun tan) 제품류를 포함한다], 매니큐어용 제품류와 페디큐어(pedicure)용 제품류",41.8,1049,0.0,0,1049
"2019-08","영국","3304","미용이나 메이크업용 제품류와 기초화장용 제품류[의약품은 제외하며, 선스크린(sunscreen)과 선탠(sun tan) 제품류를 포함한다], 매니큐어용 제품류와 페디큐어(pedicure)용 제품류",57.1,2143,57.7,2554,-411
"2019-08","인도","3304","미용이나 메이크업용 제품류와 기초화장용 제품류[의약품은 제외하며, 선스크린(sunscreen)과 선탠(sun tan) 제품류를 포함한다], 매니큐어용 제품류와 페디큐어(pedicure)용 제품류",82.2,1229,7.9,83,1147
"2019-08","인도네시아","3304","미용이나 메이크업용 제품류와 기초화장용 제품류[의약품은 제외하며, 선스크린(sunscreen)과 선탠(sun tan) 제품류를 포함한다], 매니큐어용 제품류와 페디큐어(pedicure)용 제품류",203.4,4538,0.4,12,4526
"2019-08","일본","3304","미용이나 메이크업용 제품류와 기초화장용 제품류[의약품은 제외하며, 선스크린(sunscreen)과 선탠(sun tan) 제품류를 포함한다], 매니큐어용 제품류와 페디큐어(pedicure)용 제품류",750.0,27678,337.8,12333,15345
"2019-08","중국","3304","미용이나 메이크업용 제품류와 기초화장용 제품류[의약품은 제외하며, 선스크린(sunscreen)과 선탠(sun tan) 제품류를 포함한다], 매니큐어용 제품류와 페디큐어(pedicure)용 제품류",8770.1,206435,138.5,2456,203979
"2019-08","캐나다","3304","미용이나 메이크업용 제품류와 기초화장용 제품류[의약품은 제외하며, 선스크린(sunscreen)과 선탠(sun tan) 제품류를 포함한다], 매니큐어용 제품류와 페디큐어(pedicure)용 제품류",76.1,1643,388.6,2970,-1327
"2019-08","태국","3304","미용이나 메이크업용 제품류와 기초화장용 제품류[의약품은 제외하며, 선스크린(sunscreen)과 선탠(sun tan) 제품류를 포함한다], 매니큐어용 제품류와 페디큐어(pedicure)용 제품류",252.0,9328,64.7,1142,8186
"2019-08","튀르키예","3304","미용이나 메이크업용 제품류와 기초화장용 제품류[의약품은 제외하며, 선스크린(sunscreen)과 선탠(sun tan) 제품류를 포함한다], 매니큐어용 제품류와 페디큐어(pedicure)용 제품류",32.4,749,0.0,6,743
"2019-08","프랑스","3304","미용이나 메이크업용 제품류와 기초화장용 제품류[의약품은 제외하며, 선스크린(sunscreen)과 선탠(sun tan) 제품류를 포함한다], 매니큐어용 제품류와 페디큐어(pedicure)용 제품류",52.5,1862,643.7,30948,-29087
"2019-08","필리핀","3304","미용이나 메이크업용 제품류와 기초화장용 제품류[의약품은 제외하며, 선스크린(sunscreen)과 선탠(sun tan) 제품류를 포함한다], 매니큐어용 제품류와 페디큐어(pedicure)용 제품류",127.0,2120,0.7,6,2115
"2019-08","호주","3304","미용이나 메이크업용 제품류와 기초화장용 제품류[의약품은 제외하며, 선스크린(sunscreen)과 선탠(sun tan) 제품류를 포함한다], 매니큐어용 제품류와 페디큐어(pedicure)용 제품류",167.8,1953,33.3,796,1157
"2019-08","홍콩","3304","미용이나 메이크업용 제품류와 기초화장용 제품류[의약품은 제외하며, 선스크린(sunscreen)과 선탠(sun tan) 제품류를 포함한다], 매니큐어용 제품류와 페디큐어(pedicure)용 제품류",2112.3,52170,5.8,235,51935
"2019-09","네덜란드","3304","미용이나 메이크업용 제품류와 기초화장용 제품류[의약품은 제외하며, 선스크린(sunscreen)과 선탠(sun tan) 제품류를 포함한다], 매니큐어용 제품류와 페디큐어(pedicure)용 제품류",17.0,333,1.0,127,206
"2019-09","대만","3304","미용이나 메이크업용 제품류와 기초화장용 제품류[의약품은 제외하며, 선스크린(sunscreen)과 선탠(sun tan) 제품류를 포함한다], 매니큐어용 제품류와 페디큐어(pedicure)용 제품류",355.6,9227,1.1,27,9201
"2019-09","독일","3304","미용이나 메이크업용 제품류와 기초화장용 제품류[의약품은 제외하며, 선스크린(sunscreen)과 선탠(sun tan) 제품류를 포함한다], 매니큐어용 제품류와 페디큐어(pedicure)용 제품류",64.1,1057,176.4,3903,-2847
"2019-09","러시아 연방","3304","미용이나 메이크업용 제품류와 기초화장용 제품류[의약품은 제외하며, 선스크린(sunscreen)과 선탠(sun tan) 제품류를 포함한다], 매니큐어용 제품류와 페디큐어(pedicure)용 제품류",786.3,12750,0.1,23,12727
"2019-09","말레이시아","3304","미용이나 메이크업용 제품류와 기초화장용 제품류[의약품은 제외하며, 선스크린(sunscreen)과 선탠(sun tan) 제품류를 포함한다], 매니큐어용 제품류와 페디큐어(pedicure)용 제품류",191.9,5922,77.7,434,5488
"2019-09","미국","3304","미용이나 메이크업용 제품류와 기초화장용 제품류[의약품은 제외하며, 선스크린(sunscreen)과 선탠(sun tan) 제품류를 포함한다], 매니큐어용 제품류와 페디큐어(pedicure)용 제품류",1631.7,32893,489.4,18987,13907
"2019-09","베트남","3304","미용이나 메이크업용 제품류와 기초화장용 제품류[의약품은 제외하며, 선스크린(sunscreen)과 선탠(sun tan) 제품류를 포함한다], 매니큐어용 제품류와 페디큐어(pedicure)용 제품류",426.5,14413,1.2,33,14380
"2019-09","싱가포르","3304","미용이나 메이크업용 제품류와 기초화장용 제품류[의약품은 제외하며, 선스크린(sunscreen)과 선탠(sun tan) 제품류를 포함한다], 매니큐어용 제품류와 페디큐어(pedicure)용 제품류",309.3,9820,5.0,490,9330
"2019-09","아랍에미리트 연합","3304","미용이나 메이크업용 제품류와 기초화장용 제품류[의약품은 제외하며, 선스크린(sunscreen)과 선탠(sun tan) 제품류를 포함한다], 매니큐어용 제품류와 페디큐어(pedicure)용 제품류",32.4,1191,0.2,59,1132
"2019-09","영국","3304","미용이나 메이크업용 제품류와 기초화장용 제품류[의약품은 제외하며, 선스크린(sunscreen)과 선탠(sun tan) 제품류를 포함한다], 매니큐어용 제품류와 페디큐어(pedicure)용 제품류",87.8,3101,59.9,2168,933
"2019-09","인도","3304","미용이나 메이크업용 제품류와 기초화장용 제품류[의약품은 제외하며, 선스크린(sunscreen)과 선탠(sun tan) 제품류를 포함한다], 매니큐어용 제품류와 페디큐어(pedicure)용 제품류",65.2,859,26.8,130,729
"2019-09","인도네시아","3304","미용이나 메이크업용 제품류와 기초화장용 제품류[의약품은 제외하며, 선스크린(sunscreen)과 선탠(sun tan) 제품류를 포함한다], 매니큐어용 제품류와 페디큐어(pedicure)용 제품류",282.9,4821,0.1,2,4819
"2019-09","일본","3304","미용이나 메이크업용 제품류와 기초화장용 제품류[의약품은 제외하며, 선스크린(sunscreen)과 선탠(sun tan) 제품류를 포함한다], 매니큐어용 제품류와 페디큐어(pedicure)용 제품류",856.5,29618,282.6,8123,21495
"2019-09","중국","3304","미용이나 메이크업용 제품류와 기초화장용 제품류[의약품은 제외하며, 선스크린(sunscreen)과 선탠(sun tan) 제품류를 포함한다], 매니큐어용 제품류와 페디큐어(pedicure)용 제품류",9790.1,240848,75.9,1345,239502
"2019-09","캐나다","3304","미용이나 메이크업용 제품류와 기초화장용 제품류[의약품은 제외하며, 선스크린(sunscreen)과 선탠(sun tan) 제품류를 포함한다], 매니큐어용 제품류와 페디큐어(pedicure)용 제품류",86.9,1903,185.6,2535,-633
"2019-09","태국","3304","미용이나 메이크업용 제품류와 기초화장용 제품류[의약품은 제외하며, 선스크린(sunscreen)과 선탠(sun tan) 제품류를 포함한다], 매니큐어용 제품류와 페디큐어(pedicure)용 제품류",255.9,8185,105.9,1598,6587
"2019-09","튀르키예","3304","미용이나 메이크업용 제품류와 기초화장용 제품류[의약품은 제외하며, 선스크린(sunscreen)과 선탠(sun tan) 제품류를 포함한다], 매니큐어용 제품류와 페디큐어(pedicure)용 제품류",60.0,1325,0.1,4,1321
"2019-09","프랑스","3304","미용이나 메이크업용 제품류와 기초화장용 제품류[의약품은 제외하며, 선스크린(sunscreen)과 선탠(sun tan) 제품류를 포함한다], 매니큐어용 제품류와 페디큐어(pedicure)용 제품류",54.5,2357,557.7,25064,-22707
"2019-09","필리핀","3304","미용이나 메이크업용 제품류와 기초화장용 제품류[의약품은 제외하며, 선스크린(sunscreen)과 선탠(sun tan) 제품류를 포함한다], 매니큐어용 제품류와 페디큐어(pedicure)용 제품류",253.9,2976,0.0,1,2976
"2019-09","호주","3304","미용이나 메이크업용 제품류와 기초화장용 제품류[의약품은 제외하며, 선스크린(sunscreen)과 선탠(sun tan) 제품류를 포함한다], 매니큐어용 제품류와 페디큐어(pedicure)용 제품류",227.1,2229,34.9,1744,486
"2019-09","홍콩","3304","미용이나 메이크업용 제품류와 기초화장용 제품류[의약품은 제외하며, 선스크린(sunscreen)과 선탠(sun tan) 제품류를 포함한다], 매니큐어용 제품류와 페디큐어(pedicure)용 제품류",1941.7,56924,2.2,174,56749
"2019-10","네덜란드","3304","미용이나 메이크업용 제품류와 기초화장용 제품류[의약품은 제외하며, 선스크린(sunscreen)과 선탠(sun tan) 제품류를 포함한다], 매니큐어용 제품류와 페디큐어(pedicure)용 제품류",31.6,541,0.4,11,530
"2019-10","대만","3304","미용이나 메이크업용 제품류와 기초화장용 제품류[의약품은 제외하며, 선스크린(sunscreen)과 선탠(sun tan) 제품류를 포함한다], 매니큐어용 제품류와 페디큐어(pedicure)용 제품류",536.6,10676,1.6,61,10616
"2019-10","독일","3304","미용이나 메이크업용 제품류와 기초화장용 제품류[의약품은 제외하며, 선스크린(sunscreen)과 선탠(sun tan) 제품류를 포함한다], 매니큐어용 제품류와 페디큐어(pedicure)용 제품류",18.1,554,202.7,3617,-3063
"2019-10","러시아 연방","3304","미용이나 메이크업용 제품류와 기초화장용 제품류[의약품은 제외하며, 선스크린(sunscreen)과 선탠(sun tan) 제품류를 포함한다], 매니큐어용 제품류와 페디큐어(pedicure)용 제품류",1001.8,17167,0.1,16,17151
"2019-10","말레이시아","3304","미용이나 메이크업용 제품류와 기초화장용 제품류[의약품은 제외하며, 선스크린(sunscreen)과 선탠(sun tan) 제품류를 포함한다], 매니큐어용 제품류와 페디큐어(pedicure)용 제품류",224.8,5824,76.8,467,5356
"2019-10","미국","3304","미용이나 메이크업용 제품류와 기초화장용 제품류[의약품은 제외하며, 선스크린(sunscreen)과 선탠(sun tan) 제품류를 포함한다], 매니큐어용 제품류와 페디큐어(pedicure)용 제품류",1722.2,35444,527.6,20304,15140
"2019-10","베트남","3304","미용이나 메이크업용 제품류와 기초화장용 제품류[의약품은 제외하며, 선스크린(sunscreen)과 선탠(sun tan) 제품류를 포함한다], 매니큐어용 제품류와 페디큐어(pedicure)용 제품류",473.4,17360,3.0,49,17312
"2019-10","싱가포르","3304","미용이나 메이크업용 제품류와 기초화장용 제품류[의약품은 제외하며, 선스크린(sunscreen)과 선탠(sun tan) 제품류를 포함한다], 매니큐어용 제품류와 페디큐어(pedicure)용 제품류",370.5,11035,5.0,908,10127
"2019-10","아랍에미리트 연합","3304","미용이나 메이크업용 제품류와 기초화장용 제품류[의약품은 제외하며, 선스크린(sunscreen)과 선탠(sun tan) 제품류를 포함한다], 매니큐어용 제품류와 페디큐어(pedicure)용 제품류",35.2,1201,10.4,113,1087
"2019-10","영국","3304","미용이나 메이크업용 제품류와 기초화장용 제품류[의약품은 제외하며, 선스크린(sunscreen)과 선탠(sun tan) 제품류를 포함한다], 매니큐어용 제품류와 페디큐어(pedicure)용 제품류",101.7,4001,58.6,2239,1763
"2019-10","인도","3304","미용이나 메이크업용 제품류와 기초화장용 제품류[의약품은 제외하며, 선스크린(sunscreen)과 선탠(sun tan) 제품류를 포함한다], 매니큐어용 제품류와 페디큐어(pedicure)용 제품류",80.8,936,119.8,542,395
"2019-10","인도네시아","3304","미용이나 메이크업용 제품류와 기초화장용 제품류[의약품은 제외하며, 선스크린(sunscreen)과 선탠(sun tan) 제품류를 포함한다], 매니큐어용 제품류와 페디큐어(pedicure)용 제품류",264.6,5539,2.6,28,5510
"2019-10","일본","3304","미용이나 메이크업용 제품류와 기초화장용 제품류[의약품은 제외하며, 선스크린(sunscreen)과 선탠(sun tan) 제품류를 포함한다], 매니큐어용 제품류와 페디큐어(pedicure)용 제품류",946.1,33634,238.0,9275,24359
"2019-10","중국","3304","미용이나 메이크업용 제품류와 기초화장용 제품류[의약품은 제외하며, 선스크린(sunscreen)과 선탠(sun tan) 제품류를 포함한다], 매니큐어용 제품류와 페디큐어(pedicure)용 제품류",11440.5,254230,152.3,2140,252091
"2019-10","캐나다","3304","미용이나 메이크업용 제품류와 기초화장용 제품류[의약품은 제외하며, 선스크린(sunscreen)과 선탠(sun tan) 제품류를 포함한다], 매니큐어용 제품류와 페디큐어(pedicure)용 제품류",104.7,2085,345.9,3481,-1396
"2019-10","태국","3304","미용이나 메이크업용 제품류와 기초화장용 제품류[의약품은 제외하며, 선스크린(sunscreen)과 선탠(sun tan) 제품류를 포함한다], 매니큐어용 제품류와 페디큐어(pedicure)용 제품류",306.1,10231,75.3,527,9704
"2019-10","튀르키예","3304","미용이나 메이크업용 제품류와 기초화장용 제품류[의약품은 제외하며, 선스크린(sunscreen)과 선탠(sun tan) 제품류를 포함한다], 매니큐어용 제품류와 페디큐어(pedicure)용 제품류",58.5,1158,0.3,8,1151
"2019-10","프랑스","3304","미용이나 메이크업용 제품류와 기초화장용 제품류[의약품은 제외하며, 선스크린(sunscreen)과 선탠(sun tan) 제품류를 포함한다], 매니큐어용 제품류와 페디큐어(pedicure)용 제품류",96.1,3568,496.7,28137,-24569
"2019-10","필리핀","3304","미용이나 메이크업용 제품류와 기초화장용 제품류[의약품은 제외하며, 선스크린(sunscreen)과 선탠(sun tan) 제품류를 포함한다], 매니큐어용 제품류와 페디큐어(pedicure)용 제품류",288.8,3183,0.0,0,3183
"2019-10","호주","3304","미용이나 메이크업용 제품류와 기초화장용 제품류[의약품은 제외하며, 선스크린(sunscreen)과 선탠(sun tan) 제품류를 포함한다], 매니큐어용 제품류와 페디큐어(pedicure)용 제품류",233.1,3122,57.6,2862,260
"2019-10","홍콩","3304","미용이나 메이크업용 제품류와 기초화장용 제품류[의약품은 제외하며, 선스크린(sunscreen)과 선탠(sun tan) 제품류를 포함한다], 매니큐어용 제품류와 페디큐어(pedicure)용 제품류",2289.1,67816,5.5,265,67551
"2019-11","네덜란드","3304","미용이나 메이크업용 제품류와 기초화장용 제품류[의약품은 제외하며, 선스크린(sunscreen)과 선탠(sun tan) 제품류를 포함한다], 매니큐어용 제품류와 페디큐어(pedicure)용 제품류",21.2,328,3.8,300,28
"2019-11","대만","3304","미용이나 메이크업용 제품류와 기초화장용 제품류[의약품은 제외하며, 선스크린(sunscreen)과 선탠(sun tan) 제품류를 포함한다], 매니큐어용 제품류와 페디큐어(pedicure)용 제품류",515.5,10976,9.5,253,10723
"2019-11","독일","3304","미용이나 메이크업용 제품류와 기초화장용 제품류[의약품은 제외하며, 선스크린(sunscreen)과 선탠(sun tan) 제품류를 포함한다], 매니큐어용 제품류와 페디큐어(pedicure)용 제품류",31.2,930,221.1,4102,-3173
"2019-11","러시아 연방","3304","미용이나 메이크업용 제품류와 기초화장용 제품류[의약품은 제외하며, 선스크린(sunscreen)과 선탠(sun tan) 제품류를 포함한다], 매니큐어용 제품류와 페디큐어(pedicure)용 제품류",1001.6,17824,0.0,3,17821
"2019-11","말레이시아","3304","미용이나 메이크업용 제품류와 기초화장용 제품류[의약품은 제외하며, 선스크린(sunscreen)과 선탠(sun tan) 제품류를 포함한다], 매니큐어용 제품류와 페디큐어(pedicure)용 제품류",210.6,6685,31.5,181,6505
"2019-11","미국","3304","미용이나 메이크업용 제품류와 기초화장용 제품류[의약품은 제외하며, 선스크린(sunscreen)과 선탠(sun tan) 제품류를 포함한다], 매니큐어용 제품류와 페디큐어(pedicure)용 제품류",1677.1,35997,558.0,19693,16304
"2019-11","베트남","3304","미용이나 메이크업용 제품류와 기초화장용 제품류[의약품은 제외하며, 선스크린(sunscreen)과 선탠(sun tan) 제품류를 포함한다], 매니큐어용 제품류와 페디큐어(pedicure)용 제품류",387.8,16300,1.8,1117,15183
"2019-11","싱가포르","3304","미용이나 메이크업용 제품류와 기초화장용 제품류[의약품은 제외하며, 선스크린(sunscreen)과 선탠(sun tan) 제품류를 포함한다], 매니큐어용 제품류와 페디큐어(pedicure)용 제품류",343.9,9814,4.5,445,9369
"2019-11","아랍에미리트 연합","3304","미용이나 메이크업용 제품류와 기초화장용 제품류[의약품은 제외하며, 선스크린(sunscreen)과 선탠(sun tan) 제품류를 포함한다], 매니큐어용 제품류와 페디큐어(pedicure)용 제품류",111.9,1815,1.9,32,1784
"2019-11","영국","3304","미용이나 메이크업용 제품류와 기초화장용 제품류[의약품은 제외하며, 선스크린(sunscreen)과 선탠(sun tan) 제품류를 포함한다], 매니큐어용 제품류와 페디큐어(pedicure)용 제품류",79.8,3260,53.2,2265,996
"2019-11","인도","3304","미용이나 메이크업용 제품류와 기초화장용 제품류[의약품은 제외하며, 선스크린(sunscreen)과 선탠(sun tan) 제품류를 포함한다], 매니큐어용 제품류와 페디큐어(pedicure)용 제품류",103.4,1397,45.7,365,1032
"2019-11","인도네시아","3304","미용이나 메이크업용 제품류와 기초화장용 제품류[의약품은 제외하며, 선스크린(sunscreen)과 선탠(sun tan) 제품류를 포함한다], 매니큐어용 제품류와 페디큐어(pedicure)용 제품류",193.5,4370,0.2,7,4363
"2019-11","일본","3304","미용이나 메이크업용 제품류와 기초화장용 제품류[의약품은 제외하며, 선스크린(sunscreen)과 선탠(sun tan) 제품류를 포함한다], 매니큐어용 제품류와 페디큐어(pedicure)용 제품류",848.9,33415,205.0,7811,25604
"2019-11","중국","3304","미용이나 메이크업용 제품류와 기초화장용 제품류[의약품은 제외하며, 선스크린(sunscreen)과 선탠(sun tan) 제품류를 포함한다], 매니큐어용 제품류와 페디큐어(pedicure)용 제품류",10066.4,233923,111.2,1983,231940
"2019-11","캐나다","3304","미용이나 메이크업용 제품류와 기초화장용 제품류[의약품은 제외하며, 선스크린(sunscreen)과 선탠(sun tan) 제품류를 포함한다], 매니큐어용 제품류와 페디큐어(pedicure)용 제품류",102.4,2154,227.1,2831,-677
"2019-11","태국","3304","미용이나 메이크업용 제품류와 기초화장용 제품류[의약품은 제외하며, 선스크린(sunscreen)과 선탠(sun tan) 제품류를 포함한다], 매니큐어용 제품류와 페디큐어(pedicure)용 제품류",262.2,8994,56.5,387,8607
"2019-11","튀르키예","3304","미용이나 메이크업용 제품류와 기초화장용 제품류[의약품은 제외하며, 선스크린(sunscreen)과 선탠(sun tan) 제품류를 포함한다], 매니큐어용 제품류와 페디큐어(pedicure)용 제품류",23.4,565,0.5,47,518
"2019-11","프랑스","3304","미용이나 메이크업용 제품류와 기초화장용 제품류[의약품은 제외하며, 선스크린(sunscreen)과 선탠(sun tan) 제품류를 포함한다], 매니큐어용 제품류와 페디큐어(pedicure)용 제품류",123.7,4133,441.9,25930,-21797
"2019-11","필리핀","3304","미용이나 메이크업용 제품류와 기초화장용 제품류[의약품은 제외하며, 선스크린(sunscreen)과 선탠(sun tan) 제품류를 포함한다], 매니큐어용 제품류와 페디큐어(pedicure)용 제품류",275.3,4436,0.2,2,4434
"2019-11","호주","3304","미용이나 메이크업용 제품류와 기초화장용 제품류[의약품은 제외하며, 선스크린(sunscreen)과 선탠(sun tan) 제품류를 포함한다], 매니큐어용 제품류와 페디큐어(pedicure)용 제품류",137.8,1967,41.5,1538,429
"2019-11","홍콩","3304","미용이나 메이크업용 제품류와 기초화장용 제품류[의약품은 제외하며, 선스크린(sunscreen)과 선탠(sun tan) 제품류를 포함한다], 매니큐어용 제품류와 페디큐어(pedicure)용 제품류",2136.0,67618,27.0,752,66866
"2019-12","네덜란드","3304","미용이나 메이크업용 제품류와 기초화장용 제품류[의약품은 제외하며, 선스크린(sunscreen)과 선탠(sun tan) 제품류를 포함한다], 매니큐어용 제품류와 페디큐어(pedicure)용 제품류",21.8,566,1.3,375,191
"2019-12","대만","3304","미용이나 메이크업용 제품류와 기초화장용 제품류[의약품은 제외하며, 선스크린(sunscreen)과 선탠(sun tan) 제품류를 포함한다], 매니큐어용 제품류와 페디큐어(pedicure)용 제품류",557.2,10430,1.1,46,10384
"2019-12","독일","3304","미용이나 메이크업용 제품류와 기초화장용 제품류[의약품은 제외하며, 선스크린(sunscreen)과 선탠(sun tan) 제품류를 포함한다], 매니큐어용 제품류와 페디큐어(pedicure)용 제품류",22.9,467,143.0,3755,-3288
"2019-12","러시아 연방","3304","미용이나 메이크업용 제품류와 기초화장용 제품류[의약품은 제외하며, 선스크린(sunscreen)과 선탠(sun tan) 제품류를 포함한다], 매니큐어용 제품류와 페디큐어(pedicure)용 제품류",740.1,15358,0.4,22,15336
"2019-12","말레이시아","3304","미용이나 메이크업용 제품류와 기초화장용 제품류[의약품은 제외하며, 선스크린(sunscreen)과 선탠(sun tan) 제품류를 포함한다], 매니큐어용 제품류와 페디큐어(pedicure)용 제품류",170.8,5568,57.8,339,5229
"2019-12","미국","3304","미용이나 메이크업용 제품류와 기초화장용 제품류[의약품은 제외하며, 선스크린(sunscreen)과 선탠(sun tan) 제품류를 포함한다], 매니큐어용 제품류와 페디큐어(pedicure)용 제품류",1588.2,35400,416.9,16744,18656
"2019-12","베트남","3304","미용이나 메이크업용 제품류와 기초화장용 제품류[의약품은 제외하며, 선스크린(sunscreen)과 선탠(sun tan) 제품류를 포함한다], 매니큐어용 제품류와 페디큐어(pedicure)용 제품류",522.9,21870,2.8,77,21793
"2019-12","싱가포르","3304","미용이나 메이크업용 제품류와 기초화장용 제품류[의약품은 제외하며, 선스크린(sunscreen)과 선탠(sun tan) 제품류를 포함한다], 매니큐어용 제품류와 페디큐어(pedicure)용 제품류",282.0,7949,9.1,608,7341
"2019-12","아랍에미리트 연합","3304","미용이나 메이크업용 제품류와 기초화장용 제품류[의약품은 제외하며, 선스크린(sunscreen)과 선탠(sun tan) 제품류를 포함한다], 매니큐어용 제품류와 페디큐어(pedicure)용 제품류",78.3,1938,9.7,120,1818
"2019-12","영국","3304","미용이나 메이크업용 제품류와 기초화장용 제품류[의약품은 제외하며, 선스크린(sunscreen)과 선탠(sun tan) 제품류를 포함한다], 매니큐어용 제품류와 페디큐어(pedicure)용 제품류",84.0,2900,79.7,3071,-171
"2019-12","인도","3304","미용이나 메이크업용 제품류와 기초화장용 제품류[의약품은 제외하며, 선스크린(sunscreen)과 선탠(sun tan) 제품류를 포함한다], 매니큐어용 제품류와 페디큐어(pedicure)용 제품류",64.8,887,26.5,98,789
"2019-12","인도네시아","3304","미용이나 메이크업용 제품류와 기초화장용 제품류[의약품은 제외하며, 선스크린(sunscreen)과 선탠(sun tan) 제품류를 포함한다], 매니큐어용 제품류와 페디큐어(pedicure)용 제품류",196.4,5052,0.7,22,5030
"2019-12","일본","3304","미용이나 메이크업용 제품류와 기초화장용 제품류[의약품은 제외하며, 선스크린(sunscreen)과 선탠(sun tan) 제품류를 포함한다], 매니큐어용 제품류와 페디큐어(pedicure)용 제품류",824.0,29858,191.9,8236,21622
"2019-12","중국","3304","미용이나 메이크업용 제품류와 기초화장용 제품류[의약품은 제외하며, 선스크린(sunscreen)과 선탠(sun tan) 제품류를 포함한다], 매니큐어용 제품류와 페디큐어(pedicure)용 제품류",8149.5,223313,175.9,3267,220046
"2019-12","캐나다","3304","미용이나 메이크업용 제품류와 기초화장용 제품류[의약품은 제외하며, 선스크린(sunscreen)과 선탠(sun tan) 제품류를 포함한다], 매니큐어용 제품류와 페디큐어(pedicure)용 제품류",98.7,2506,104.1,2574,-68
"2019-12","태국","3304","미용이나 메이크업용 제품류와 기초화장용 제품류[의약품은 제외하며, 선스크린(sunscreen)과 선탠(sun tan) 제품류를 포함한다], 매니큐어용 제품류와 페디큐어(pedicure)용 제품류",290.0,7777,74.1,467,7311
"2019-12","튀르키예","3304","미용이나 메이크업용 제품류와 기초화장용 제품류[의약품은 제외하며, 선스크린(sunscreen)과 선탠(sun tan) 제품류를 포함한다], 매니큐어용 제품류와 페디큐어(pedicure)용 제품류",65.7,1417,0.1,9,1407
"2019-12","프랑스","3304","미용이나 메이크업용 제품류와 기초화장용 제품류[의약품은 제외하며, 선스크린(sunscreen)과 선탠(sun tan) 제품류를 포함한다], 매니큐어용 제품류와 페디큐어(pedicure)용 제품류",119.7,4753,739.0,33301,-28548
"2019-12","필리핀","3304","미용이나 메이크업용 제품류와 기초화장용 제품류[의약품은 제외하며, 선스크린(sunscreen)과 선탠(sun tan) 제품류를 포함한다], 매니큐어용 제품류와 페디큐어(pedicure)용 제품류",210.2,2559,0.2,1,2558
"2019-12","호주","3304","미용이나 메이크업용 제품류와 기초화장용 제품류[의약품은 제외하며, 선스크린(sunscreen)과 선탠(sun tan) 제품류를 포함한다], 매니큐어용 제품류와 페디큐어(pedicure)용 제품류",181.3,2665,55.9,2044,621
"2019-12","홍콩","3304","미용이나 메이크업용 제품류와 기초화장용 제품류[의약품은 제외하며, 선스크린(sunscreen)과 선탠(sun tan) 제품류를 포함한다], 매니큐어용 제품류와 페디큐어(pedicure)용 제품류",2417.7,82495,26.5,491,82005