﻿기간,국가,HS코드,품목명,수출 중량,수출 금액,수입 중량,수입 금액,무역수지
"총계","","","",236418.2,7238734,24631.3,811963,6426771
"2021-01","네덜란드","3304","미용이나 메이크업용 제품류와 기초화장용 제품류[의약품은 제외하며, 선스크린(sunscreen)과 선탠(sun tan) 제품류를 포함한다], 매니큐어용 제품류와 페디큐어(pedicure)용 제품류",32.3,1116,0.3,14,1101
"2021-01","대만","3304","미용이나 메이크업용 제품류와 기초화장용 제품류[의약품은 제외하며, 선스크린(sunscreen)과 선탠(sun tan) 제품류를 포함한다], 매니큐어용 제품류와 페디큐어(pedicure)용 제품류",470.7,11577,19.0,231,11346
"2021-01","독일","3304","미용이나 메이크업용 제품류와 기초화장용 제품류[의약품은 제외하며, 선스크린(sunscreen)과 선탠(sun tan) 제품류를 포함한다], 매니큐어용 제품류와 페디큐어(pedicure)용 제품류",31.2,1251,87.7,2847,-1596
"2021-01","러시아 연방","3304","미용이나 메이크업용 제품류와 기초화장용 제품류[의약품은 제외하며, 선스크린(sunscreen)과 선탠(sun tan) 제품류를 포함한다], 매니큐어용 제품류와 페디큐어(pedicure)용 제품류",966.6,15460,0.9,63,15397
"2021-01","말레이시아","3304","미용이나 메이크업용 제품류와 기초화장용 제품류[의약품은 제외하며, 선스크린(sunscreen)과 선탠(sun tan) 제품류를 포함한다], 매니큐어용 제품류와 페디큐어(pedicure)용 제품류",199.3,5379,88.9,481,4898
"2021-01","미국","3304","미용이나 메이크업용 제품류와 기초화장용 제품류[의약품은 제외하며, 선스크린(sunscreen)과 선탠(sun tan) 제품류를 포함한다], 매니큐어용 제품류와 페디큐어(pedicure)용 제품류",1845.9,44747,523.9,20333,24414
"2021-01","베트남","3304","미용이나 메이크업용 제품류와 기초화장용 제품류[의약품은 제외하며, 선스크린(sunscreen)과 선탠(sun tan) 제품류를 포함한다], 매니큐어용 제품류와 페디큐어(pedicure)용 제품류",686.0,27062,4.2,90,26972
"2021-01","싱가포르","3304","미용이나 메이크업용 제품류와 기초화장용 제품류[의약품은 제외하며, 선스크린(sunscreen)과 선탠(sun tan) 제품류를 포함한다], 매니큐어용 제품류와 페디큐어(pedicure)용 제품류",276.4,6325,4.6,767,5558
"2021-01","아랍에미리트 연합","3304","미용이나 메이크업용 제품류와 기초화장용 제품류[의약품은 제외하며, 선스크린(sunscreen)과 선탠(sun tan) 제품류를 포함한다], 매니큐어용 제품류와 페디큐어(pedicure)용 제품류",47.6,1432,4.9,60,1372
"2021-01","영국","3304","미용이나 메이크업용 제품류와 기초화장용 제품류[의약품은 제외하며, 선스크린(sunscreen)과 선탠(sun tan) 제품류를 포함한다], 매니큐어용 제품류와 페디큐어(pedicure)용 제품류",112.4,3381,40.5,3531,-150
"2021-01","인도","3304","미용이나 메이크업용 제품류와 기초화장용 제품류[의약품은 제외하며, 선스크린(sunscreen)과 선탠(sun tan) 제품류를 포함한다], 매니큐어용 제품류와 페디큐어(pedicure)용 제품류",91.9,2353,54.2,420,1934
"2021-01","인도네시아","3304","미용이나 메이크업용 제품류와 기초화장용 제품류[의약품은 제외하며, 선스크린(sunscreen)과 선탠(sun tan) 제품류를 포함한다], 매니큐어용 제품류와 페디큐어(pedicure)용 제품류",213.2,6303,0.4,10,6293
"2021-01","일본","3304","미용이나 메이크업용 제품류와 기초화장용 제품류[의약품은 제외하며, 선스크린(sunscreen)과 선탠(sun tan) 제품류를 포함한다], 매니큐어용 제품류와 페디큐어(pedicure)용 제품류",1328.6,48758,300.7,10015,38743
"2021-01","중국","3304","미용이나 메이크업용 제품류와 기초화장용 제품류[의약품은 제외하며, 선스크린(sunscreen)과 선탠(sun tan) 제품류를 포함한다], 매니큐어용 제품류와 페디큐어(pedicure)용 제품류",9589.6,360021,61.7,2189,357833
"2021-01","캐나다","3304","미용이나 메이크업용 제품류와 기초화장용 제품류[의약품은 제외하며, 선스크린(sunscreen)과 선탠(sun tan) 제품류를 포함한다], 매니큐어용 제품류와 페디큐어(pedicure)용 제품류",62.4,1686,80.5,1177,509
"2021-01","태국","3304","미용이나 메이크업용 제품류와 기초화장용 제품류[의약품은 제외하며, 선스크린(sunscreen)과 선탠(sun tan) 제품류를 포함한다], 매니큐어용 제품류와 페디큐어(pedicure)용 제품류",301.3,9021,175.0,1700,7321
"2021-01","튀르키예","3304","미용이나 메이크업용 제품류와 기초화장용 제품류[의약품은 제외하며, 선스크린(sunscreen)과 선탠(sun tan) 제품류를 포함한다], 매니큐어용 제품류와 페디큐어(pedicure)용 제품류",32.3,1037,0.4,13,1024
"2021-01","프랑스","3304","미용이나 메이크업용 제품류와 기초화장용 제품류[의약품은 제외하며, 선스크린(sunscreen)과 선탠(sun tan) 제품류를 포함한다], 매니큐어용 제품류와 페디큐어(pedicure)용 제품류",87.1,3260,450.2,20589,-17329
"2021-01","필리핀","3304","미용이나 메이크업용 제품류와 기초화장용 제품류[의약품은 제외하며, 선스크린(sunscreen)과 선탠(sun tan) 제품류를 포함한다], 매니큐어용 제품류와 페디큐어(pedicure)용 제품류",285.8,2641,1.3,26,2614
"2021-01","호주","3304","미용이나 메이크업용 제품류와 기초화장용 제품류[의약품은 제외하며, 선스크린(sunscreen)과 선탠(sun tan) 제품류를 포함한다], 매니큐어용 제품류와 페디큐어(pedicure)용 제품류",186.3,2883,46.7,1487,1395
"2021-01","홍콩","3304","미용이나 메이크업용 제품류와 기초화장용 제품류[의약품은 제외하며, 선스크린(sunscreen)과 선탠(sun tan) 제품류를 포함한다], 매니큐어용 제품류와 페디큐어(pedicure)용 제품류",1231.5,45983,2.5,395,45588
"2021-02","네덜란드","3304","미용이나 메이크업용 제품류와 기초화장용 제품류[의약품은 제외하며, 선스크린(sunscreen)과 선탠(sun tan) 제품류를 포함한다], 매니큐어용 제품류와 페디큐어(pedicure)용 제품류",21.1,755,0.4,40,715
"2021-02","대만","3304","미용이나 메이크업용 제품류와 기초화장용 제품류[의약품은 제외하며, 선스크린(sunscreen)과 선탠(sun tan) 제품류를 포함한다], 매니큐어용 제품류와 페디큐어(pedicure)용 제품류",395.8,9421,24.3,300,9121
"2021-02","독일","3304","미용이나 메이크업용 제품류와 기초화장용 제품류[의약품은 제외하며, 선스크린(sunscreen)과 선탠(sun tan) 제품류를 포함한다], 매니큐어용 제품류와 페디큐어(pedicure)용 제품류",44.4,1267,100.5,2755,-1488
"2021-02","러시아 연방","3304","미용이나 메이크업용 제품류와 기초화장용 제품류[의약품은 제외하며, 선스크린(sunscreen)과 선탠(sun tan) 제품류를 포함한다], 매니큐어용 제품류와 페디큐어(pedicure)용 제품류",967.7,17238,0.1,35,17203
"2021-02","말레이시아","3304","미용이나 메이크업용 제품류와 기초화장용 제품류[의약품은 제외하며, 선스크린(sunscreen)과 선탠(sun tan) 제품류를 포함한다], 매니큐어용 제품류와 페디큐어(pedicure)용 제품류",299.0,6661,46.1,270,6390
"2021-02","미국","3304","미용이나 메이크업용 제품류와 기초화장용 제품류[의약품은 제외하며, 선스크린(sunscreen)과 선탠(sun tan) 제품류를 포함한다], 매니큐어용 제품류와 페디큐어(pedicure)용 제품류",2169.6,46920,473.7,20678,26242
"2021-02","베트남","3304","미용이나 메이크업용 제품류와 기초화장용 제품류[의약품은 제외하며, 선스크린(sunscreen)과 선탠(sun tan) 제품류를 포함한다], 매니큐어용 제품류와 페디큐어(pedicure)용 제품류",469.5,20118,19.7,358,19760
"2021-02","싱가포르","3304","미용이나 메이크업용 제품류와 기초화장용 제품류[의약품은 제외하며, 선스크린(sunscreen)과 선탠(sun tan) 제품류를 포함한다], 매니큐어용 제품류와 페디큐어(pedicure)용 제품류",245.1,5575,4.1,532,5043
"2021-02","아랍에미리트 연합","3304","미용이나 메이크업용 제품류와 기초화장용 제품류[의약품은 제외하며, 선스크린(sunscreen)과 선탠(sun tan) 제품류를 포함한다], 매니큐어용 제품류와 페디큐어(pedicure)용 제품류",85.1,3194,0.1,8,3187
"2021-02","영국","3304","미용이나 메이크업용 제품류와 기초화장용 제품류[의약품은 제외하며, 선스크린(sunscreen)과 선탠(sun tan) 제품류를 포함한다], 매니큐어용 제품류와 페디큐어(pedicure)용 제품류",120.7,2956,38.8,1700,1256
"2021-02","인도","3304","미용이나 메이크업용 제품류와 기초화장용 제품류[의약품은 제외하며, 선스크린(sunscreen)과 선탠(sun tan) 제품류를 포함한다], 매니큐어용 제품류와 페디큐어(pedicure)용 제품류",159.8,2977,43.6,236,2741
"2021-02","인도네시아","3304","미용이나 메이크업용 제품류와 기초화장용 제품류[의약품은 제외하며, 선스크린(sunscreen)과 선탠(sun tan) 제품류를 포함한다], 매니큐어용 제품류와 페디큐어(pedicure)용 제품류",243.6,5153,2.4,32,5121
"2021-02","일본","3304","미용이나 메이크업용 제품류와 기초화장용 제품류[의약품은 제외하며, 선스크린(sunscreen)과 선탠(sun tan) 제품류를 포함한다], 매니큐어용 제품류와 페디큐어(pedicure)용 제품류",1601.0,52216,324.9,10099,42117
"2021-02","중국","3304","미용이나 메이크업용 제품류와 기초화장용 제품류[의약품은 제외하며, 선스크린(sunscreen)과 선탠(sun tan) 제품류를 포함한다], 매니큐어용 제품류와 페디큐어(pedicure)용 제품류",7883.9,252243,79.9,2409,249834
"2021-02","캐나다","3304","미용이나 메이크업용 제품류와 기초화장용 제품류[의약품은 제외하며, 선스크린(sunscreen)과 선탠(sun tan) 제품류를 포함한다], 매니큐어용 제품류와 페디큐어(pedicure)용 제품류",63.5,1732,87.4,1578,154
"2021-02","태국","3304","미용이나 메이크업용 제품류와 기초화장용 제품류[의약품은 제외하며, 선스크린(sunscreen)과 선탠(sun tan) 제품류를 포함한다], 매니큐어용 제품류와 페디큐어(pedicure)용 제품류",228.7,8161,193.0,1910,6250
"2021-02","튀르키예","3304","미용이나 메이크업용 제품류와 기초화장용 제품류[의약품은 제외하며, 선스크린(sunscreen)과 선탠(sun tan) 제품류를 포함한다], 매니큐어용 제품류와 페디큐어(pedicure)용 제품류",63.7,2029,1.7,24,2005
"2021-02","프랑스","3304","미용이나 메이크업용 제품류와 기초화장용 제품류[의약품은 제외하며, 선스크린(sunscreen)과 선탠(sun tan) 제품류를 포함한다], 매니큐어용 제품류와 페디큐어(pedicure)용 제품류",73.4,3028,280.2,17151,-14123
"2021-02","필리핀","3304","미용이나 메이크업용 제품류와 기초화장용 제품류[의약품은 제외하며, 선스크린(sunscreen)과 선탠(sun tan) 제품류를 포함한다], 매니큐어용 제품류와 페디큐어(pedicure)용 제품류",318.8,3156,0.5,10,3145
"2021-02","호주","3304","미용이나 메이크업용 제품류와 기초화장용 제품류[의약품은 제외하며, 선스크린(sunscreen)과 선탠(sun tan) 제품류를 포함한다], 매니큐어용 제품류와 페디큐어(pedicure)용 제품류",116.6,2665,27.7,1041,1624
"2021-02","홍콩","3304","미용이나 메이크업용 제품류와 기초화장용 제품류[의약품은 제외하며, 선스크린(sunscreen)과 선탠(sun tan) 제품류를 포함한다], 매니큐어용 제품류와 페디큐어(pedicure)용 제품류",1138.1,39699,2.2,341,39358
"2021-03","네덜란드","3304","미용이나 메이크업용 제품류와 기초화장용 제품류[의약품은 제외하며, 선스크린(sunscreen)과 선탠(sun tan) 제품류를 포함한다], 매니큐어용 제품류와 페디큐어(pedicure)용 제품류",47.6,1156,0.3,96,1060
"2021-03","대만","3304","미용이나 메이크업용 제품류와 기초화장용 제품류[의약품은 제외하며, 선스크린(sunscreen)과 선탠(sun tan) 제품류를 포함한다], 매니큐어용 제품류와 페디큐어(pedicure)용 제품류",472.8,11956,0.0,10,11946
"2021-03","독일","3304","미용이나 메이크업용 제품류와 기초화장용 제품류[의약품은 제외하며, 선스크린(sunscreen)과 선탠(sun tan) 제품류를 포함한다], 매니큐어용 제품류와 페디큐어(pedicure)용 제품류",44.0,2153,135.1,3222,-1069
"2021-03","러시아 연방","3304","미용이나 메이크업용 제품류와 기초화장용 제품류[의약품은 제외하며, 선스크린(sunscreen)과 선탠(sun tan) 제품류를 포함한다], 매니큐어용 제품류와 페디큐어(pedicure)용 제품류",1229.9,23402,1.3,42,23360
"2021-03","말레이시아","3304","미용이나 메이크업용 제품류와 기초화장용 제품류[의약품은 제외하며, 선스크린(sunscreen)과 선탠(sun tan) 제품류를 포함한다], 매니큐어용 제품류와 페디큐어(pedicure)용 제품류",307.1,8152,62.9,359,7792
"2021-03","미국","3304","미용이나 메이크업용 제품류와 기초화장용 제품류[의약품은 제외하며, 선스크린(sunscreen)과 선탠(sun tan) 제품류를 포함한다], 매니큐어용 제품류와 페디큐어(pedicure)용 제품류",2254.9,51193,618.7,20979,30214
"2021-03","베트남","3304","미용이나 메이크업용 제품류와 기초화장용 제품류[의약품은 제외하며, 선스크린(sunscreen)과 선탠(sun tan) 제품류를 포함한다], 매니큐어용 제품류와 페디큐어(pedicure)용 제품류",863.2,33182,4.3,145,33037
"2021-03","싱가포르","3304","미용이나 메이크업용 제품류와 기초화장용 제품류[의약품은 제외하며, 선스크린(sunscreen)과 선탠(sun tan) 제품류를 포함한다], 매니큐어용 제품류와 페디큐어(pedicure)용 제품류",277.3,8412,6.8,1023,7389
"2021-03","아랍에미리트 연합","3304","미용이나 메이크업용 제품류와 기초화장용 제품류[의약품은 제외하며, 선스크린(sunscreen)과 선탠(sun tan) 제품류를 포함한다], 매니큐어용 제품류와 페디큐어(pedicure)용 제품류",75.2,4153,0.9,19,4135
"2021-03","영국","3304","미용이나 메이크업용 제품류와 기초화장용 제품류[의약품은 제외하며, 선스크린(sunscreen)과 선탠(sun tan) 제품류를 포함한다], 매니큐어용 제품류와 페디큐어(pedicure)용 제품류",189.5,6415,41.3,1887,4528
"2021-03","인도","3304","미용이나 메이크업용 제품류와 기초화장용 제품류[의약품은 제외하며, 선스크린(sunscreen)과 선탠(sun tan) 제품류를 포함한다], 매니큐어용 제품류와 페디큐어(pedicure)용 제품류",139.6,2584,49.6,187,2397
"2021-03","인도네시아","3304","미용이나 메이크업용 제품류와 기초화장용 제품류[의약품은 제외하며, 선스크린(sunscreen)과 선탠(sun tan) 제품류를 포함한다], 매니큐어용 제품류와 페디큐어(pedicure)용 제품류",270.9,7698,3.4,47,7651
"2021-03","일본","3304","미용이나 메이크업용 제품류와 기초화장용 제품류[의약품은 제외하며, 선스크린(sunscreen)과 선탠(sun tan) 제품류를 포함한다], 매니큐어용 제품류와 페디큐어(pedicure)용 제품류",1905.6,68198,356.5,9788,58410
"2021-03","중국","3304","미용이나 메이크업용 제품류와 기초화장용 제품류[의약품은 제외하며, 선스크린(sunscreen)과 선탠(sun tan) 제품류를 포함한다], 매니큐어용 제품류와 페디큐어(pedicure)용 제품류",10954.3,363675,115.5,2127,361548
"2021-03","캐나다","3304","미용이나 메이크업용 제품류와 기초화장용 제품류[의약품은 제외하며, 선스크린(sunscreen)과 선탠(sun tan) 제품류를 포함한다], 매니큐어용 제품류와 페디큐어(pedicure)용 제품류",99.1,2699,100.8,1578,1121
"2021-03","태국","3304","미용이나 메이크업용 제품류와 기초화장용 제품류[의약품은 제외하며, 선스크린(sunscreen)과 선탠(sun tan) 제품류를 포함한다], 매니큐어용 제품류와 페디큐어(pedicure)용 제품류",346.2,10114,109.0,1217,8898
"2021-03","튀르키예","3304","미용이나 메이크업용 제품류와 기초화장용 제품류[의약품은 제외하며, 선스크린(sunscreen)과 선탠(sun tan) 제품류를 포함한다], 매니큐어용 제품류와 페디큐어(pedicure)용 제품류",82.2,2318,0.1,3,2314
"2021-03","프랑스","3304","미용이나 메이크업용 제품류와 기초화장용 제품류[의약품은 제외하며, 선스크린(sunscreen)과 선탠(sun tan) 제품류를 포함한다], 매니큐어용 제품류와 페디큐어(pedicure)용 제품류",111.0,5115,520.5,24085,-18969
"2021-03","필리핀","3304","미용이나 메이크업용 제품류와 기초화장용 제품류[의약품은 제외하며, 선스크린(sunscreen)과 선탠(sun tan) 제품류를 포함한다], 매니큐어용 제품류와 페디큐어(pedicure)용 제품류",374.6,3164,1.2,19,3145
"2021-03","호주","3304","미용이나 메이크업용 제품류와 기초화장용 제품류[의약품은 제외하며, 선스크린(sunscreen)과 선탠(sun tan) 제품류를 포함한다], 매니큐어용 제품류와 페디큐어(pedicure)용 제품류",224.9,3312,53.2,1917,1395
"2021-03","홍콩","3304","미용이나 메이크업용 제품류와 기초화장용 제품류[의약품은 제외하며, 선스크린(sunscreen)과 선탠(sun tan) 제품류를 포함한다], 매니큐어용 제품류와 페디큐어(pedicure)용 제품류",1430.1,54163,8.0,579,53584
"2021-04","네덜란드","3304","미용이나 메이크업용 제품류와 기초화장용 제품류[의약품은 제외하며, 선스크린(sunscreen)과 선탠(sun tan) 제품류를 포함한다], 매니큐어용 제품류와 페디큐어(pedicure)용 제품류",45.8,1474,0.5,26,1448
"2021-04","대만","3304","미용이나 메이크업용 제품류와 기초화장용 제품류[의약품은 제외하며, 선스크린(sunscreen)과 선탠(sun tan) 제품류를 포함한다], 매니큐어용 제품류와 페디큐어(pedicure)용 제품류",583.1,11721,1.6,65,11656
"2021-04","독일","3304","미용이나 메이크업용 제품류와 기초화장용 제품류[의약품은 제외하며, 선스크린(sunscreen)과 선탠(sun tan) 제품류를 포함한다], 매니큐어용 제품류와 페디큐어(pedicure)용 제품류",36.7,1952,73.0,2369,-417
"2021-04","러시아 연방","3304","미용이나 메이크업용 제품류와 기초화장용 제품류[의약품은 제외하며, 선스크린(sunscreen)과 선탠(sun tan) 제품류를 포함한다], 매니큐어용 제품류와 페디큐어(pedicure)용 제품류",1176.9,21921,4.3,78,21843
"2021-04","말레이시아","3304","미용이나 메이크업용 제품류와 기초화장용 제품류[의약품은 제외하며, 선스크린(sunscreen)과 선탠(sun tan) 제품류를 포함한다], 매니큐어용 제품류와 페디큐어(pedicure)용 제품류",224.4,6757,50.2,286,6471
"2021-04","미국","3304","미용이나 메이크업용 제품류와 기초화장용 제품류[의약품은 제외하며, 선스크린(sunscreen)과 선탠(sun tan) 제품류를 포함한다], 매니큐어용 제품류와 페디큐어(pedicure)용 제품류",2398.5,57701,526.6,20046,37655
"2021-04","베트남","3304","미용이나 메이크업용 제품류와 기초화장용 제품류[의약품은 제외하며, 선스크린(sunscreen)과 선탠(sun tan) 제품류를 포함한다], 매니큐어용 제품류와 페디큐어(pedicure)용 제품류",815.0,27924,14.9,217,27707
"2021-04","싱가포르","3304","미용이나 메이크업용 제품류와 기초화장용 제품류[의약품은 제외하며, 선스크린(sunscreen)과 선탠(sun tan) 제품류를 포함한다], 매니큐어용 제품류와 페디큐어(pedicure)용 제품류",309.5,8890,6.0,826,8063
"2021-04","아랍에미리트 연합","3304","미용이나 메이크업용 제품류와 기초화장용 제품류[의약품은 제외하며, 선스크린(sunscreen)과 선탠(sun tan) 제품류를 포함한다], 매니큐어용 제품류와 페디큐어(pedicure)용 제품류",107.0,2579,7.6,78,2502
"2021-04","영국","3304","미용이나 메이크업용 제품류와 기초화장용 제품류[의약품은 제외하며, 선스크린(sunscreen)과 선탠(sun tan) 제품류를 포함한다], 매니큐어용 제품류와 페디큐어(pedicure)용 제품류",156.3,5750,44.0,1983,3767
"2021-04","인도","3304","미용이나 메이크업용 제품류와 기초화장용 제품류[의약품은 제외하며, 선스크린(sunscreen)과 선탠(sun tan) 제품류를 포함한다], 매니큐어용 제품류와 페디큐어(pedicure)용 제품류",145.0,2182,95.0,346,1836
"2021-04","인도네시아","3304","미용이나 메이크업용 제품류와 기초화장용 제품류[의약품은 제외하며, 선스크린(sunscreen)과 선탠(sun tan) 제품류를 포함한다], 매니큐어용 제품류와 페디큐어(pedicure)용 제품류",216.7,6222,0.4,35,6186
"2021-04","일본","3304","미용이나 메이크업용 제품류와 기초화장용 제품류[의약품은 제외하며, 선스크린(sunscreen)과 선탠(sun tan) 제품류를 포함한다], 매니큐어용 제품류와 페디큐어(pedicure)용 제품류",1845.1,56174,171.3,6777,49397
"2021-04","중국","3304","미용이나 메이크업용 제품류와 기초화장용 제품류[의약품은 제외하며, 선스크린(sunscreen)과 선탠(sun tan) 제품류를 포함한다], 매니큐어용 제품류와 페디큐어(pedicure)용 제품류",12436.5,413095,112.7,4483,408612
"2021-04","캐나다","3304","미용이나 메이크업용 제품류와 기초화장용 제품류[의약품은 제외하며, 선스크린(sunscreen)과 선탠(sun tan) 제품류를 포함한다], 매니큐어용 제품류와 페디큐어(pedicure)용 제품류",88.4,2298,197.6,2549,-251
"2021-04","태국","3304","미용이나 메이크업용 제품류와 기초화장용 제품류[의약품은 제외하며, 선스크린(sunscreen)과 선탠(sun tan) 제품류를 포함한다], 매니큐어용 제품류와 페디큐어(pedicure)용 제품류",410.7,10787,118.8,1306,9480
"2021-04","튀르키예","3304","미용이나 메이크업용 제품류와 기초화장용 제품류[의약품은 제외하며, 선스크린(sunscreen)과 선탠(sun tan) 제품류를 포함한다], 매니큐어용 제품류와 페디큐어(pedicure)용 제품류",63.6,1239,1.0,15,1224
"2021-04","프랑스","3304","미용이나 메이크업용 제품류와 기초화장용 제품류[의약품은 제외하며, 선스크린(sunscreen)과 선탠(sun tan) 제품류를 포함한다], 매니큐어용 제품류와 페디큐어(pedicure)용 제품류",144.6,6126,496.8,24153,-18027
"2021-04","필리핀","3304","미용이나 메이크업용 제품류와 기초화장용 제품류[의약품은 제외하며, 선스크린(sunscreen)과 선탠(sun tan) 제품류를 포함한다], 매니큐어용 제품류와 페디큐어(pedicure)용 제품류",290.7,2970,0.4,10,2960
"2021-04","호주","3304","미용이나 메이크업용 제품류와 기초화장용 제품류[의약품은 제외하며, 선스크린(sunscreen)과 선탠(sun tan) 제품류를 포함한다], 매니큐어용 제품류와 페디큐어(pedicure)용 제품류",269.8,3511,57.5,1814,1697
"2021-04","홍콩","3304","미용이나 메이크업용 제품류와 기초화장용 제품류[의약품은 제외하며, 선스크린(sunscreen)과 선탠(sun tan) 제품류를 포함한다], 매니큐어용 제품류와 페디큐어(pedicure)용 제품류",1566.4,52639,2.9,463,52177
"2021-05","네덜란드","3304","미용이나 메이크업용 제품류와 기초화장용 제품류[의약품은 제외하며, 선스크린(sunscreen)과 선탠(sun tan) 제품류를 포함한다], 매니큐어용 제품류와 페디큐어(pedicure)용 제품류",39.5,816,0.3,92,724
"2021-05","대만","3304","미용이나 메이크업용 제품류와 기초화장용 제품류[의약품은 제외하며, 선스크린(sunscreen)과 선탠(sun tan) 제품류를 포함한다], 매니큐어용 제품류와 페디큐어(pedicure)용 제품류",520.1,11341,6.5,252,11089
"2021-05","독일","3304","미용이나 메이크업용 제품류와 기초화장용 제품류[의약품은 제외하며, 선스크린(sunscreen)과 선탠(sun tan) 제품류를 포함한다], 매니큐어용 제품류와 페디큐어(pedicure)용 제품류",55.3,2663,100.5,3420,-757
"2021-05","러시아 연방","3304","미용이나 메이크업용 제품류와 기초화장용 제품류[의약품은 제외하며, 선스크린(sunscreen)과 선탠(sun tan) 제품류를 포함한다], 매니큐어용 제품류와 페디큐어(pedicure)용 제품류",1020.3,19620,0.1,6,19614
"2021-05","말레이시아","3304","미용이나 메이크업용 제품류와 기초화장용 제품류[의약품은 제외하며, 선스크린(sunscreen)과 선탠(sun tan) 제품류를 포함한다], 매니큐어용 제품류와 페디큐어(pedicure)용 제품류",159.6,5797,24.4,154,5642
"2021-05","미국","3304","미용이나 메이크업용 제품류와 기초화장용 제품류[의약품은 제외하며, 선스크린(sunscreen)과 선탠(sun tan) 제품류를 포함한다], 매니큐어용 제품류와 페디큐어(pedicure)용 제품류",2692.7,60995,433.8,18532,42464
"2021-05","베트남","3304","미용이나 메이크업용 제품류와 기초화장용 제품류[의약품은 제외하며, 선스크린(sunscreen)과 선탠(sun tan) 제품류를 포함한다], 매니큐어용 제품류와 페디큐어(pedicure)용 제품류",649.2,22265,4.7,124,22140
"2021-05","싱가포르","3304","미용이나 메이크업용 제품류와 기초화장용 제품류[의약품은 제외하며, 선스크린(sunscreen)과 선탠(sun tan) 제품류를 포함한다], 매니큐어용 제품류와 페디큐어(pedicure)용 제품류",245.9,7866,7.2,1121,6745
"2021-05","아랍에미리트 연합","3304","미용이나 메이크업용 제품류와 기초화장용 제품류[의약품은 제외하며, 선스크린(sunscreen)과 선탠(sun tan) 제품류를 포함한다], 매니큐어용 제품류와 페디큐어(pedicure)용 제품류",49.8,3003,0.2,17,2986
"2021-05","영국","3304","미용이나 메이크업용 제품류와 기초화장용 제품류[의약품은 제외하며, 선스크린(sunscreen)과 선탠(sun tan) 제품류를 포함한다], 매니큐어용 제품류와 페디큐어(pedicure)용 제품류",145.9,5388,103.1,2516,2872
"2021-05","인도","3304","미용이나 메이크업용 제품류와 기초화장용 제품류[의약품은 제외하며, 선스크린(sunscreen)과 선탠(sun tan) 제품류를 포함한다], 매니큐어용 제품류와 페디큐어(pedicure)용 제품류",115.6,1850,103.5,390,1461
"2021-05","인도네시아","3304","미용이나 메이크업용 제품류와 기초화장용 제품류[의약품은 제외하며, 선스크린(sunscreen)과 선탠(sun tan) 제품류를 포함한다], 매니큐어용 제품류와 페디큐어(pedicure)용 제품류",209.3,5559,2.8,42,5517
"2021-05","일본","3304","미용이나 메이크업용 제품류와 기초화장용 제품류[의약품은 제외하며, 선스크린(sunscreen)과 선탠(sun tan) 제품류를 포함한다], 매니큐어용 제품류와 페디큐어(pedicure)용 제품류",1474.1,54940,215.9,8351,46589
"2021-05","중국","3304","미용이나 메이크업용 제품류와 기초화장용 제품류[의약품은 제외하며, 선스크린(sunscreen)과 선탠(sun tan) 제품류를 포함한다], 매니큐어용 제품류와 페디큐어(pedicure)용 제품류",11245.9,363716,208.5,5018,358698
"2021-05","캐나다","3304","미용이나 메이크업용 제품류와 기초화장용 제품류[의약품은 제외하며, 선스크린(sunscreen)과 선탠(sun tan) 제품류를 포함한다], 매니큐어용 제품류와 페디큐어(pedicure)용 제품류",113.9,2877,131.3,1338,1539
"2021-05","태국","3304","미용이나 메이크업용 제품류와 기초화장용 제품류[의약품은 제외하며, 선스크린(sunscreen)과 선탠(sun tan) 제품류를 포함한다], 매니큐어용 제품류와 페디큐어(pedicure)용 제품류",298.6,9236,52.3,702,8534
"2021-05","튀르키예","3304","미용이나 메이크업용 제품류와 기초화장용 제품류[의약품은 제외하며, 선스크린(sunscreen)과 선탠(sun tan) 제품류를 포함한다], 매니큐어용 제품류와 페디큐어(pedicure)용 제품류",43.9,1107,0.1,4,1103
"2021-05","프랑스","3304","미용이나 메이크업용 제품류와 기초화장용 제품류[의약품은 제외하며, 선스크린(sunscreen)과 선탠(sun tan) 제품류를 포함한다], 매니큐어용 제품류와 페디큐어(pedicure)용 제품류",54.9,2887,420.5,21404,-18517
"2021-05","필리핀","3304","미용이나 메이크업용 제품류와 기초화장용 제품류[의약품은 제외하며, 선스크린(sunscreen)과 선탠(sun tan) 제품류를 포함한다], 매니큐어용 제품류와 페디큐어(pedicure)용 제품류",247.0,2957,0.6,12,2945
"2021-05","호주","3304","미용이나 메이크업용 제품류와 기초화장용 제품류[의약품은 제외하며, 선스크린(sunscreen)과 선탠(sun tan) 제품류를 포함한다], 매니큐어용 제품류와 페디큐어(pedicure)용 제품류",148.8,2748,89.0,2460,287
"2021-05","홍콩","3304","미용이나 메이크업용 제품류와 기초화장용 제품류[의약품은 제외하며, 선스크린(sunscreen)과 선탠(sun tan) 제품류를 포함한다], 매니큐어용 제품류와 페디큐어(pedicure)용 제품류",1144.9,39132,3.5,597,38536
"2021-06","네덜란드","3304","미용이나 메이크업용 제품류와 기초화장용 제품류[의약품은 제외하며, 선스크린(sunscreen)과 선탠(sun tan) 제품류를 포함한다], 매니큐어용 제품류와 페디큐어(pedicure)용 제품류",53.4,1630,1.0,119,1511
"2021-06","대만","3304","미용이나 메이크업용 제품류와 기초화장용 제품류[의약품은 제외하며, 선스크린(sunscreen)과 선탠(sun tan) 제품류를 포함한다], 매니큐어용 제품류와 페디큐어(pedicure)용 제품류",470.3,10059,0.7,20,10039
"2021-06","독일","3304","미용이나 메이크업용 제품류와 기초화장용 제품류[의약품은 제외하며, 선스크린(sunscreen)과 선탠(sun tan) 제품류를 포함한다], 매니큐어용 제품류와 페디큐어(pedicure)용 제품류",55.7,2860,95.7,3135,-275
"2021-06","러시아 연방","3304","미용이나 메이크업용 제품류와 기초화장용 제품류[의약품은 제외하며, 선스크린(sunscreen)과 선탠(sun tan) 제품류를 포함한다], 매니큐어용 제품류와 페디큐어(pedicure)용 제품류",962.5,19867,0.0,2,19864
"2021-06","말레이시아","3304","미용이나 메이크업용 제품류와 기초화장용 제품류[의약품은 제외하며, 선스크린(sunscreen)과 선탠(sun tan) 제품류를 포함한다], 매니큐어용 제품류와 페디큐어(pedicure)용 제품류",284.3,7070,20.3,116,6954
"2021-06","미국","3304","미용이나 메이크업용 제품류와 기초화장용 제품류[의약품은 제외하며, 선스크린(sunscreen)과 선탠(sun tan) 제품류를 포함한다], 매니큐어용 제품류와 페디큐어(pedicure)용 제품류",2758.1,68546,472.7,19413,49133
"2021-06","베트남","3304","미용이나 메이크업용 제품류와 기초화장용 제품류[의약품은 제외하며, 선스크린(sunscreen)과 선탠(sun tan) 제품류를 포함한다], 매니큐어용 제품류와 페디큐어(pedicure)용 제품류",657.6,25363,14.5,241,25123
"2021-06","싱가포르","3304","미용이나 메이크업용 제품류와 기초화장용 제품류[의약품은 제외하며, 선스크린(sunscreen)과 선탠(sun tan) 제품류를 포함한다], 매니큐어용 제품류와 페디큐어(pedicure)용 제품류",340.7,9782,5.8,1212,8571
"2021-06","아랍에미리트 연합","3304","미용이나 메이크업용 제품류와 기초화장용 제품류[의약품은 제외하며, 선스크린(sunscreen)과 선탠(sun tan) 제품류를 포함한다], 매니큐어용 제품류와 페디큐어(pedicure)용 제품류",79.8,3753,0.7,10,3743
"2021-06","영국","3304","미용이나 메이크업용 제품류와 기초화장용 제품류[의약품은 제외하며, 선스크린(sunscreen)과 선탠(sun tan) 제품류를 포함한다], 매니큐어용 제품류와 페디큐어(pedicure)용 제품류",187.0,6502,72.1,3818,2684
"2021-06","인도","3304","미용이나 메이크업용 제품류와 기초화장용 제품류[의약품은 제외하며, 선스크린(sunscreen)과 선탠(sun tan) 제품류를 포함한다], 매니큐어용 제품류와 페디큐어(pedicure)용 제품류",83.6,1978,47.9,184,1794
"2021-06","인도네시아","3304","미용이나 메이크업용 제품류와 기초화장용 제품류[의약품은 제외하며, 선스크린(sunscreen)과 선탠(sun tan) 제품류를 포함한다], 매니큐어용 제품류와 페디큐어(pedicure)용 제품류",262.5,6438,0.5,12,6426
"2021-06","일본","3304","미용이나 메이크업용 제품류와 기초화장용 제품류[의약품은 제외하며, 선스크린(sunscreen)과 선탠(sun tan) 제품류를 포함한다], 매니큐어용 제품류와 페디큐어(pedicure)용 제품류",1469.0,61695,294.1,9956,51738
"2021-06","중국","3304","미용이나 메이크업용 제품류와 기초화장용 제품류[의약품은 제외하며, 선스크린(sunscreen)과 선탠(sun tan) 제품류를 포함한다], 매니큐어용 제품류와 페디큐어(pedicure)용 제품류",8831.1,269601,118.4,2314,267288
"2021-06","캐나다","3304","미용이나 메이크업용 제품류와 기초화장용 제품류[의약품은 제외하며, 선스크린(sunscreen)과 선탠(sun tan) 제품류를 포함한다], 매니큐어용 제품류와 페디큐어(pedicure)용 제품류",129.1,3619,275.0,2479,1140
"2021-06","태국","3304","미용이나 메이크업용 제품류와 기초화장용 제품류[의약품은 제외하며, 선스크린(sunscreen)과 선탠(sun tan) 제품류를 포함한다], 매니큐어용 제품류와 페디큐어(pedicure)용 제품류",324.5,9034,70.3,782,8251
"2021-06","튀르키예","3304","미용이나 메이크업용 제품류와 기초화장용 제품류[의약품은 제외하며, 선스크린(sunscreen)과 선탠(sun tan) 제품류를 포함한다], 매니큐어용 제품류와 페디큐어(pedicure)용 제품류",89.6,2823,0.1,2,2822
"2021-06","프랑스","3304","미용이나 메이크업용 제품류와 기초화장용 제품류[의약품은 제외하며, 선스크린(sunscreen)과 선탠(sun tan) 제품류를 포함한다], 매니큐어용 제품류와 페디큐어(pedicure)용 제품류",84.0,4068,453.2,21139,-17071
"2021-06","필리핀","3304","미용이나 메이크업용 제품류와 기초화장용 제품류[의약품은 제외하며, 선스크린(sunscreen)과 선탠(sun tan) 제품류를 포함한다], 매니큐어용 제품류와 페디큐어(pedicure)용 제품류",201.9,3123,0.8,15,3107
"2021-06","호주","3304","미용이나 메이크업용 제품류와 기초화장용 제품류[의약품은 제외하며, 선스크린(sunscreen)과 선탠(sun tan) 제품류를 포함한다], 매니큐어용 제품류와 페디큐어(pedicure)용 제품류",179.7,3132,11.3,333,2800
"2021-06","홍콩","3304","미용이나 메이크업용 제품류와 기초화장용 제품류[의약품은 제외하며, 선스크린(sunscreen)과 선탠(sun tan) 제품류를 포함한다], 매니큐어용 제품류와 페디큐어(pedicure)용 제품류",1437.8,39485,3.2,381,39104
"2021-07","네덜란드","3304","미용이나 메이크업용 제품류와 기초화장용 제품류[의약품은 제외하며, 선스크린(sunscreen)과 선탠(sun tan) 제품류를 포함한다], 매니큐어용 제품류와 페디큐어(pedicure)용 제품류",55.5,1556,0.9,150,1406
"2021-07","대만","3304","미용이나 메이크업용 제품류와 기초화장용 제품류[의약품은 제외하며, 선스크린(sunscreen)과 선탠(sun tan) 제품류를 포함한다], 매니큐어용 제품류와 페디큐어(pedicure)용 제품류",495.9,9854,20.2,246,9608
"2021-07","독일","3304","미용이나 메이크업용 제품류와 기초화장용 제품류[의약품은 제외하며, 선스크린(sunscreen)과 선탠(sun tan) 제품류를 포함한다], 매니큐어용 제품류와 페디큐어(pedicure)용 제품류",44.6,1537,100.6,2836,-1299
"2021-07","러시아 연방","3304","미용이나 메이크업용 제품류와 기초화장용 제품류[의약품은 제외하며, 선스크린(sunscreen)과 선탠(sun tan) 제품류를 포함한다], 매니큐어용 제품류와 페디큐어(pedicure)용 제품류",885.5,18599,0.2,18,18582
"2021-07","말레이시아","3304","미용이나 메이크업용 제품류와 기초화장용 제품류[의약품은 제외하며, 선스크린(sunscreen)과 선탠(sun tan) 제품류를 포함한다], 매니큐어용 제품류와 페디큐어(pedicure)용 제품류",181.7,5389,44.0,334,5055
"2021-07","미국","3304","미용이나 메이크업용 제품류와 기초화장용 제품류[의약품은 제외하며, 선스크린(sunscreen)과 선탠(sun tan) 제품류를 포함한다], 매니큐어용 제품류와 페디큐어(pedicure)용 제품류",2704.8,58925,391.9,18601,40324
"2021-07","베트남","3304","미용이나 메이크업용 제품류와 기초화장용 제품류[의약품은 제외하며, 선스크린(sunscreen)과 선탠(sun tan) 제품류를 포함한다], 매니큐어용 제품류와 페디큐어(pedicure)용 제품류",555.2,15431,32.6,444,14987
"2021-07","싱가포르","3304","미용이나 메이크업용 제품류와 기초화장용 제품류[의약품은 제외하며, 선스크린(sunscreen)과 선탠(sun tan) 제품류를 포함한다], 매니큐어용 제품류와 페디큐어(pedicure)용 제품류",291.7,7738,7.1,1286,6452
"2021-07","아랍에미리트 연합","3304","미용이나 메이크업용 제품류와 기초화장용 제품류[의약품은 제외하며, 선스크린(sunscreen)과 선탠(sun tan) 제품류를 포함한다], 매니큐어용 제품류와 페디큐어(pedicure)용 제품류",42.1,1841,8.1,88,1753
"2021-07","영국","3304","미용이나 메이크업용 제품류와 기초화장용 제품류[의약품은 제외하며, 선스크린(sunscreen)과 선탠(sun tan) 제품류를 포함한다], 매니큐어용 제품류와 페디큐어(pedicure)용 제품류",139.3,5246,67.4,3222,2025
"2021-07","인도","3304","미용이나 메이크업용 제품류와 기초화장용 제품류[의약품은 제외하며, 선스크린(sunscreen)과 선탠(sun tan) 제품류를 포함한다], 매니큐어용 제품류와 페디큐어(pedicure)용 제품류",143.2,2189,71.5,654,1535
"2021-07","인도네시아","3304","미용이나 메이크업용 제품류와 기초화장용 제품류[의약품은 제외하며, 선스크린(sunscreen)과 선탠(sun tan) 제품류를 포함한다], 매니큐어용 제품류와 페디큐어(pedicure)용 제품류",126.4,3830,0.3,7,3822
"2021-07","일본","3304","미용이나 메이크업용 제품류와 기초화장용 제품류[의약품은 제외하며, 선스크린(sunscreen)과 선탠(sun tan) 제품류를 포함한다], 매니큐어용 제품류와 페디큐어(pedicure)용 제품류",1338.0,48123,371.3,9411,38712
"2021-07","중국","3304","미용이나 메이크업용 제품류와 기초화장용 제품류[의약품은 제외하며, 선스크린(sunscreen)과 선탠(sun tan) 제품류를 포함한다], 매니큐어용 제품류와 페디큐어(pedicure)용 제품류",10286.1,266464,125.7,2236,264228
"2021-07","캐나다","3304","미용이나 메이크업용 제품류와 기초화장용 제품류[의약품은 제외하며, 선스크린(sunscreen)과 선탠(sun tan) 제품류를 포함한다], 매니큐어용 제품류와 페디큐어(pedicure)용 제품류",120.9,2782,322.9,2907,-125
"2021-07","태국","3304","미용이나 메이크업용 제품류와 기초화장용 제품류[의약품은 제외하며, 선스크린(sunscreen)과 선탠(sun tan) 제품류를 포함한다], 매니큐어용 제품류와 페디큐어(pedicure)용 제품류",387.3,10342,40.6,590,9752
"2021-07","튀르키예","3304","미용이나 메이크업용 제품류와 기초화장용 제품류[의약품은 제외하며, 선스크린(sunscreen)과 선탠(sun tan) 제품류를 포함한다], 매니큐어용 제품류와 페디큐어(pedicure)용 제품류",78.4,1735,1.1,12,1723
"2021-07","프랑스","3304","미용이나 메이크업용 제품류와 기초화장용 제품류[의약품은 제외하며, 선스크린(sunscreen)과 선탠(sun tan) 제품류를 포함한다], 매니큐어용 제품류와 페디큐어(pedicure)용 제품류",86.5,3952,575.4,24478,-20526
"2021-07","필리핀","3304","미용이나 메이크업용 제품류와 기초화장용 제품류[의약품은 제외하며, 선스크린(sunscreen)과 선탠(sun tan) 제품류를 포함한다], 매니큐어용 제품류와 페디큐어(pedicure)용 제품류",283.6,3287,3.1,15,3272
"2021-07","호주","3304","미용이나 메이크업용 제품류와 기초화장용 제품류[의약품은 제외하며, 선스크린(sunscreen)과 선탠(sun tan) 제품류를 포함한다], 매니큐어용 제품류와 페디큐어(pedicure)용 제품류",236.4,3434,46.4,1076,2358
"2021-07","홍콩","3304","미용이나 메이크업용 제품류와 기초화장용 제품류[의약품은 제외하며, 선스크린(sunscreen)과 선탠(sun tan) 제품류를 포함한다], 매니큐어용 제품류와 페디큐어(pedicure)용 제품류",1111.5,36256,3.3,381,35875
"2021-08","네덜란드","3304","미용이나 메이크업용 제품류와 기초화장용 제품류[의약품은 제외하며, 선스크린(sunscreen)과 선탠(sun tan) 제품류를 포함한다], 매니큐어용 제품류와 페디큐어(pedicure)용 제품류",65.3,1347,0.2,51,1297
"2021-08","대만","3304","미용이나 메이크업용 제품류와 기초화장용 제품류[의약품은 제외하며, 선스크린(sunscreen)과 선탠(sun tan) 제품류를 포함한다], 매니큐어용 제품류와 페디큐어(pedicure)용 제품류",356.1,8168,28.9,327,7841
"2021-08","독일","3304","미용이나 메이크업용 제품류와 기초화장용 제품류[의약품은 제외하며, 선스크린(sunscreen)과 선탠(sun tan) 제품류를 포함한다], 매니큐어용 제품류와 페디큐어(pedicure)용 제품류",43.7,1449,129.3,3613,-2163
"2021-08","러시아 연방","3304","미용이나 메이크업용 제품류와 기초화장용 제품류[의약품은 제외하며, 선스크린(sunscreen)과 선탠(sun tan) 제품류를 포함한다], 매니큐어용 제품류와 페디큐어(pedicure)용 제품류",773.9,14798,0.1,15,14783
"2021-08","말레이시아","3304","미용이나 메이크업용 제품류와 기초화장용 제품류[의약품은 제외하며, 선스크린(sunscreen)과 선탠(sun tan) 제품류를 포함한다], 매니큐어용 제품류와 페디큐어(pedicure)용 제품류",147.3,7118,27.8,139,6979
"2021-08","미국","3304","미용이나 메이크업용 제품류와 기초화장용 제품류[의약품은 제외하며, 선스크린(sunscreen)과 선탠(sun tan) 제품류를 포함한다], 매니큐어용 제품류와 페디큐어(pedicure)용 제품류",2600.8,64553,465.4,18534,46019
"2021-08","베트남","3304","미용이나 메이크업용 제품류와 기초화장용 제품류[의약품은 제외하며, 선스크린(sunscreen)과 선탠(sun tan) 제품류를 포함한다], 매니큐어용 제품류와 페디큐어(pedicure)용 제품류",401.6,11908,27.0,351,11557
"2021-08","싱가포르","3304","미용이나 메이크업용 제품류와 기초화장용 제품류[의약품은 제외하며, 선스크린(sunscreen)과 선탠(sun tan) 제품류를 포함한다], 매니큐어용 제품류와 페디큐어(pedicure)용 제품류",203.0,6684,4.6,605,6080
"2021-08","아랍에미리트 연합","3304","미용이나 메이크업용 제품류와 기초화장용 제품류[의약품은 제외하며, 선스크린(sunscreen)과 선탠(sun tan) 제품류를 포함한다], 매니큐어용 제품류와 페디큐어(pedicure)용 제품류",99.8,3013,0.3,31,2982
"2021-08","영국","3304","미용이나 메이크업용 제품류와 기초화장용 제품류[의약품은 제외하며, 선스크린(sunscreen)과 선탠(sun tan) 제품류를 포함한다], 매니큐어용 제품류와 페디큐어(pedicure)용 제품류",117.8,4156,71.7,3840,316
"2021-08","인도","3304","미용이나 메이크업용 제품류와 기초화장용 제품류[의약품은 제외하며, 선스크린(sunscreen)과 선탠(sun tan) 제품류를 포함한다], 매니큐어용 제품류와 페디큐어(pedicure)용 제품류",81.1,1495,151.0,3080,-1585
"2021-08","인도네시아","3304","미용이나 메이크업용 제품류와 기초화장용 제품류[의약품은 제외하며, 선스크린(sunscreen)과 선탠(sun tan) 제품류를 포함한다], 매니큐어용 제품류와 페디큐어(pedicure)용 제품류",131.1,3416,0.4,9,3406
"2021-08","일본","3304","미용이나 메이크업용 제품류와 기초화장용 제품류[의약품은 제외하며, 선스크린(sunscreen)과 선탠(sun tan) 제품류를 포함한다], 매니큐어용 제품류와 페디큐어(pedicure)용 제품류",1178.1,45829,232.0,8103,37726
"2021-08","중국","3304","미용이나 메이크업용 제품류와 기초화장용 제품류[의약품은 제외하며, 선스크린(sunscreen)과 선탠(sun tan) 제품류를 포함한다], 매니큐어용 제품류와 페디큐어(pedicure)용 제품류",10699.5,318818,111.6,4807,314012
"2021-08","캐나다","3304","미용이나 메이크업용 제품류와 기초화장용 제품류[의약품은 제외하며, 선스크린(sunscreen)과 선탠(sun tan) 제품류를 포함한다], 매니큐어용 제품류와 페디큐어(pedicure)용 제품류",113.7,2702,277.3,1963,739
"2021-08","태국","3304","미용이나 메이크업용 제품류와 기초화장용 제품류[의약품은 제외하며, 선스크린(sunscreen)과 선탠(sun tan) 제품류를 포함한다], 매니큐어용 제품류와 페디큐어(pedicure)용 제품류",283.2,9872,84.5,1025,8846
"2021-08","튀르키예","3304","미용이나 메이크업용 제품류와 기초화장용 제품류[의약품은 제외하며, 선스크린(sunscreen)과 선탠(sun tan) 제품류를 포함한다], 매니큐어용 제품류와 페디큐어(pedicure)용 제품류",47.8,1605,0.1,15,1590
"2021-08","프랑스","3304","미용이나 메이크업용 제품류와 기초화장용 제품류[의약품은 제외하며, 선스크린(sunscreen)과 선탠(sun tan) 제품류를 포함한다], 매니큐어용 제품류와 페디큐어(pedicure)용 제품류",46.3,2320,602.0,23299,-20978
"2021-08","필리핀","3304","미용이나 메이크업용 제품류와 기초화장용 제품류[의약품은 제외하며, 선스크린(sunscreen)과 선탠(sun tan) 제품류를 포함한다], 매니큐어용 제품류와 페디큐어(pedicure)용 제품류",272.2,2915,0.8,13,2902
"2021-08","호주","3304","미용이나 메이크업용 제품류와 기초화장용 제품류[의약품은 제외하며, 선스크린(sunscreen)과 선탠(sun tan) 제품류를 포함한다], 매니큐어용 제품류와 페디큐어(pedicure)용 제품류",191.3,3193,68.7,3617,-423
"2021-08","홍콩","3304","미용이나 메이크업용 제품류와 기초화장용 제품류[의약품은 제외하며, 선스크린(sunscreen)과 선탠(sun tan) 제품류를 포함한다], 매니큐어용 제품류와 페디큐어(pedicure)용 제품류",899.1,29662,2.7,361,29301
"2021-09","네덜란드","3304","미용이나 메이크업용 제품류와 기초화장용 제품류[의약품은 제외하며, 선스크린(sunscreen)과 선탠(sun tan) 제품류를 포함한다], 매니큐어용 제품류와 페디큐어(pedicure)용 제품류",53.3,1430,0.2,85,1344
"2021-09","대만","3304","미용이나 메이크업용 제품류와 기초화장용 제품류[의약품은 제외하며, 선스크린(sunscreen)과 선탠(sun tan) 제품류를 포함한다], 매니큐어용 제품류와 페디큐어(pedicure)용 제품류",425.6,8247,1.1,36,8211
"2021-09","독일","3304","미용이나 메이크업용 제품류와 기초화장용 제품류[의약품은 제외하며, 선스크린(sunscreen)과 선탠(sun tan) 제품류를 포함한다], 매니큐어용 제품류와 페디큐어(pedicure)용 제품류",47.4,2108,226.0,3701,-1593
"2021-09","러시아 연방","3304","미용이나 메이크업용 제품류와 기초화장용 제품류[의약품은 제외하며, 선스크린(sunscreen)과 선탠(sun tan) 제품류를 포함한다], 매니큐어용 제품류와 페디큐어(pedicure)용 제품류",772.2,17214,0.3,27,17186
"2021-09","말레이시아","3304","미용이나 메이크업용 제품류와 기초화장용 제품류[의약품은 제외하며, 선스크린(sunscreen)과 선탠(sun tan) 제품류를 포함한다], 매니큐어용 제품류와 페디큐어(pedicure)용 제품류",232.5,3990,62.1,347,3643
"2021-09","미국","3304","미용이나 메이크업용 제품류와 기초화장용 제품류[의약품은 제외하며, 선스크린(sunscreen)과 선탠(sun tan) 제품류를 포함한다], 매니큐어용 제품류와 페디큐어(pedicure)용 제품류",2414.2,55652,392.1,15041,40611
"2021-09","베트남","3304","미용이나 메이크업용 제품류와 기초화장용 제품류[의약품은 제외하며, 선스크린(sunscreen)과 선탠(sun tan) 제품류를 포함한다], 매니큐어용 제품류와 페디큐어(pedicure)용 제품류",486.5,15100,3.5,86,15013
"2021-09","싱가포르","3304","미용이나 메이크업용 제품류와 기초화장용 제품류[의약품은 제외하며, 선스크린(sunscreen)과 선탠(sun tan) 제품류를 포함한다], 매니큐어용 제품류와 페디큐어(pedicure)용 제품류",236.3,6892,4.2,631,6261
"2021-09","아랍에미리트 연합","3304","미용이나 메이크업용 제품류와 기초화장용 제품류[의약품은 제외하며, 선스크린(sunscreen)과 선탠(sun tan) 제품류를 포함한다], 매니큐어용 제품류와 페디큐어(pedicure)용 제품류",58.4,3815,0.1,3,3812
"2021-09","영국","3304","미용이나 메이크업용 제품류와 기초화장용 제품류[의약품은 제외하며, 선스크린(sunscreen)과 선탠(sun tan) 제품류를 포함한다], 매니큐어용 제품류와 페디큐어(pedicure)용 제품류",101.1,3887,52.4,2054,1833
"2021-09","인도","3304","미용이나 메이크업용 제품류와 기초화장용 제품류[의약품은 제외하며, 선스크린(sunscreen)과 선탠(sun tan) 제품류를 포함한다], 매니큐어용 제품류와 페디큐어(pedicure)용 제품류",98.5,1485,126.8,571,914
"2021-09","인도네시아","3304","미용이나 메이크업용 제품류와 기초화장용 제품류[의약품은 제외하며, 선스크린(sunscreen)과 선탠(sun tan) 제품류를 포함한다], 매니큐어용 제품류와 페디큐어(pedicure)용 제품류",169.1,3891,0.7,21,3870
"2021-09","일본","3304","미용이나 메이크업용 제품류와 기초화장용 제품류[의약품은 제외하며, 선스크린(sunscreen)과 선탠(sun tan) 제품류를 포함한다], 매니큐어용 제품류와 페디큐어(pedicure)용 제품류",1329.8,63369,384.1,10237,53132
"2021-09","중국","3304","미용이나 메이크업용 제품류와 기초화장용 제품류[의약품은 제외하며, 선스크린(sunscreen)과 선탠(sun tan) 제품류를 포함한다], 매니큐어용 제품류와 페디큐어(pedicure)용 제품류",14008.0,436985,111.6,2791,434194
"2021-09","캐나다","3304","미용이나 메이크업용 제품류와 기초화장용 제품류[의약품은 제외하며, 선스크린(sunscreen)과 선탠(sun tan) 제품류를 포함한다], 매니큐어용 제품류와 페디큐어(pedicure)용 제품류",114.8,3000,158.2,2834,166
"2021-09","태국","3304","미용이나 메이크업용 제품류와 기초화장용 제품류[의약품은 제외하며, 선스크린(sunscreen)과 선탠(sun tan) 제품류를 포함한다], 매니큐어용 제품류와 페디큐어(pedicure)용 제품류",254.1,7590,103.9,1132,6458
"2021-09","튀르키예","3304","미용이나 메이크업용 제품류와 기초화장용 제품류[의약품은 제외하며, 선스크린(sunscreen)과 선탠(sun tan) 제품류를 포함한다], 매니큐어용 제품류와 페디큐어(pedicure)용 제품류",57.9,2726,0.0,1,2724
"2021-09","프랑스","3304","미용이나 메이크업용 제품류와 기초화장용 제품류[의약품은 제외하며, 선스크린(sunscreen)과 선탠(sun tan) 제품류를 포함한다], 매니큐어용 제품류와 페디큐어(pedicure)용 제품류",99.2,4072,431.4,19132,-15060
"2021-09","필리핀","3304","미용이나 메이크업용 제품류와 기초화장용 제품류[의약품은 제외하며, 선스크린(sunscreen)과 선탠(sun tan) 제품류를 포함한다], 매니큐어용 제품류와 페디큐어(pedicure)용 제품류",201.1,2624,3.1,34,2590
"2021-09","호주","3304","미용이나 메이크업용 제품류와 기초화장용 제품류[의약품은 제외하며, 선스크린(sunscreen)과 선탠(sun tan) 제품류를 포함한다], 매니큐어용 제품류와 페디큐어(pedicure)용 제품류",155.0,2704,58.9,4105,-1401
"2021-09","홍콩","3304","미용이나 메이크업용 제품류와 기초화장용 제품류[의약품은 제외하며, 선스크린(sunscreen)과 선탠(sun tan) 제품류를 포함한다], 매니큐어용 제품류와 페디큐어(pedicure)용 제품류",902.1,43458,6.0,387,43071
"2021-10","네덜란드","3304","미용이나 메이크업용 제품류와 기초화장용 제품류[의약품은 제외하며, 선스크린(sunscreen)과 선탠(sun tan) 제품류를 포함한다], 매니큐어용 제품류와 페디큐어(pedicure)용 제품류",59.5,1224,0.4,158,1066
"2021-10","대만","3304","미용이나 메이크업용 제품류와 기초화장용 제품류[의약품은 제외하며, 선스크린(sunscreen)과 선탠(sun tan) 제품류를 포함한다], 매니큐어용 제품류와 페디큐어(pedicure)용 제품류",498.4,9392,2.0,38,9354
"2021-10","독일","3304","미용이나 메이크업용 제품류와 기초화장용 제품류[의약품은 제외하며, 선스크린(sunscreen)과 선탠(sun tan) 제품류를 포함한다], 매니큐어용 제품류와 페디큐어(pedicure)용 제품류",47.0,1617,161.9,4465,-2848
"2021-10","러시아 연방","3304","미용이나 메이크업용 제품류와 기초화장용 제품류[의약품은 제외하며, 선스크린(sunscreen)과 선탠(sun tan) 제품류를 포함한다], 매니큐어용 제품류와 페디큐어(pedicure)용 제품류",1307.4,23076,0.5,142,22934
"2021-10","말레이시아","3304","미용이나 메이크업용 제품류와 기초화장용 제품류[의약품은 제외하며, 선스크린(sunscreen)과 선탠(sun tan) 제품류를 포함한다], 매니큐어용 제품류와 페디큐어(pedicure)용 제품류",180.4,5126,25.9,159,4967
"2021-10","미국","3304","미용이나 메이크업용 제품류와 기초화장용 제품류[의약품은 제외하며, 선스크린(sunscreen)과 선탠(sun tan) 제품류를 포함한다], 매니큐어용 제품류와 페디큐어(pedicure)용 제품류",2461.6,54194,357.1,14118,40076
"2021-10","베트남","3304","미용이나 메이크업용 제품류와 기초화장용 제품류[의약품은 제외하며, 선스크린(sunscreen)과 선탠(sun tan) 제품류를 포함한다], 매니큐어용 제품류와 페디큐어(pedicure)용 제품류",638.5,20721,10.2,194,20527
"2021-10","싱가포르","3304","미용이나 메이크업용 제품류와 기초화장용 제품류[의약품은 제외하며, 선스크린(sunscreen)과 선탠(sun tan) 제품류를 포함한다], 매니큐어용 제품류와 페디큐어(pedicure)용 제품류",252.0,7242,4.0,553,6689
"2021-10","아랍에미리트 연합","3304","미용이나 메이크업용 제품류와 기초화장용 제품류[의약품은 제외하며, 선스크린(sunscreen)과 선탠(sun tan) 제품류를 포함한다], 매니큐어용 제품류와 페디큐어(pedicure)용 제품류",83.3,3157,0.0,5,3153
"2021-10","영국","3304","미용이나 메이크업용 제품류와 기초화장용 제품류[의약품은 제외하며, 선스크린(sunscreen)과 선탠(sun tan) 제품류를 포함한다], 매니큐어용 제품류와 페디큐어(pedicure)용 제품류",147.8,4193,69.1,2050,2143
"2021-10","인도","3304","미용이나 메이크업용 제품류와 기초화장용 제품류[의약품은 제외하며, 선스크린(sunscreen)과 선탠(sun tan) 제품류를 포함한다], 매니큐어용 제품류와 페디큐어(pedicure)용 제품류",81.6,1548,69.3,1382,167
"2021-10","인도네시아","3304","미용이나 메이크업용 제품류와 기초화장용 제품류[의약품은 제외하며, 선스크린(sunscreen)과 선탠(sun tan) 제품류를 포함한다], 매니큐어용 제품류와 페디큐어(pedicure)용 제품류",172.7,4828,7.9,52,4776
"2021-10","일본","3304","미용이나 메이크업용 제품류와 기초화장용 제품류[의약품은 제외하며, 선스크린(sunscreen)과 선탠(sun tan) 제품류를 포함한다], 매니큐어용 제품류와 페디큐어(pedicure)용 제품류",1320.0,45987,160.0,5200,40787
"2021-10","중국","3304","미용이나 메이크업용 제품류와 기초화장용 제품류[의약품은 제외하며, 선스크린(sunscreen)과 선탠(sun tan) 제품류를 포함한다], 매니큐어용 제품류와 페디큐어(pedicure)용 제품류",12143.7,384748,288.7,9176,375572
"2021-10","캐나다","3304","미용이나 메이크업용 제품류와 기초화장용 제품류[의약품은 제외하며, 선스크린(sunscreen)과 선탠(sun tan) 제품류를 포함한다], 매니큐어용 제품류와 페디큐어(pedicure)용 제품류",97.3,2411,205.8,1769,642
"2021-10","태국","3304","미용이나 메이크업용 제품류와 기초화장용 제품류[의약품은 제외하며, 선스크린(sunscreen)과 선탠(sun tan) 제품류를 포함한다], 매니큐어용 제품류와 페디큐어(pedicure)용 제품류",255.1,7177,127.5,1406,5771
"2021-10","튀르키예","3304","미용이나 메이크업용 제품류와 기초화장용 제품류[의약품은 제외하며, 선스크린(sunscreen)과 선탠(sun tan) 제품류를 포함한다], 매니큐어용 제품류와 페디큐어(pedicure)용 제품류",62.6,1895,5.3,101,1795
"2021-10","프랑스","3304","미용이나 메이크업용 제품류와 기초화장용 제품류[의약품은 제외하며, 선스크린(sunscreen)과 선탠(sun tan) 제품류를 포함한다], 매니큐어용 제품류와 페디큐어(pedicure)용 제품류",106.2,4640,673.6,27620,-22979
"2021-10","필리핀","3304","미용이나 메이크업용 제품류와 기초화장용 제품류[의약품은 제외하며, 선스크린(sunscreen)과 선탠(sun tan) 제품류를 포함한다], 매니큐어용 제품류와 페디큐어(pedicure)용 제품류",143.1,2553,0.9,26,2528
"2021-10","호주","3304","미용이나 메이크업용 제품류와 기초화장용 제품류[의약품은 제외하며, 선스크린(sunscreen)과 선탠(sun tan) 제품류를 포함한다], 매니큐어용 제품류와 페디큐어(pedicure)용 제품류",174.9,3368,35.8,2084,1284
"2021-10","홍콩","3304","미용이나 메이크업용 제품류와 기초화장용 제품류[의약품은 제외하며, 선스크린(sunscreen)과 선탠(sun tan) 제품류를 포함한다], 매니큐어용 제품류와 페디큐어(pedicure)용 제품류",931.5,33459,2.7,364,33096
"2021-11","네덜란드","3304","미용이나 메이크업용 제품류와 기초화장용 제품류[의약품은 제외하며, 선스크린(sunscreen)과 선탠(sun tan) 제품류를 포함한다], 매니큐어용 제품류와 페디큐어(pedicure)용 제품류",48.5,1159,0.2,87,1072
"2021-11","대만","3304","미용이나 메이크업용 제품류와 기초화장용 제품류[의약품은 제외하며, 선스크린(sunscreen)과 선탠(sun tan) 제품류를 포함한다], 매니큐어용 제품류와 페디큐어(pedicure)용 제품류",681.5,12808,27.3,347,12461
"2021-11","독일","3304","미용이나 메이크업용 제품류와 기초화장용 제품류[의약품은 제외하며, 선스크린(sunscreen)과 선탠(sun tan) 제품류를 포함한다], 매니큐어용 제품류와 페디큐어(pedicure)용 제품류",48.0,1713,87.1,3151,-1438
"2021-11","러시아 연방","3304","미용이나 메이크업용 제품류와 기초화장용 제품류[의약품은 제외하며, 선스크린(sunscreen)과 선탠(sun tan) 제품류를 포함한다], 매니큐어용 제품류와 페디큐어(pedicure)용 제품류",932.6,21093,0.4,17,21076
"2021-11","말레이시아","3304","미용이나 메이크업용 제품류와 기초화장용 제품류[의약품은 제외하며, 선스크린(sunscreen)과 선탠(sun tan) 제품류를 포함한다], 매니큐어용 제품류와 페디큐어(pedicure)용 제품류",184.2,6309,91.5,515,5793
"2021-11","미국","3304","미용이나 메이크업용 제품류와 기초화장용 제품류[의약품은 제외하며, 선스크린(sunscreen)과 선탠(sun tan) 제품류를 포함한다], 매니큐어용 제품류와 페디큐어(pedicure)용 제품류",2083.8,44244,386.0,16520,27724
"2021-11","베트남","3304","미용이나 메이크업용 제품류와 기초화장용 제품류[의약품은 제외하며, 선스크린(sunscreen)과 선탠(sun tan) 제품류를 포함한다], 매니큐어용 제품류와 페디큐어(pedicure)용 제품류",723.1,21495,13.2,213,21283
"2021-11","싱가포르","3304","미용이나 메이크업용 제품류와 기초화장용 제품류[의약품은 제외하며, 선스크린(sunscreen)과 선탠(sun tan) 제품류를 포함한다], 매니큐어용 제품류와 페디큐어(pedicure)용 제품류",310.9,7692,6.4,914,6778
"2021-11","아랍에미리트 연합","3304","미용이나 메이크업용 제품류와 기초화장용 제품류[의약품은 제외하며, 선스크린(sunscreen)과 선탠(sun tan) 제품류를 포함한다], 매니큐어용 제품류와 페디큐어(pedicure)용 제품류",81.9,4331,11.0,108,4223
"2021-11","영국","3304","미용이나 메이크업용 제품류와 기초화장용 제품류[의약품은 제외하며, 선스크린(sunscreen)과 선탠(sun tan) 제품류를 포함한다], 매니큐어용 제품류와 페디큐어(pedicure)용 제품류",152.1,4324,41.7,1322,3002
"2021-11","인도","3304","미용이나 메이크업용 제품류와 기초화장용 제품류[의약품은 제외하며, 선스크린(sunscreen)과 선탠(sun tan) 제품류를 포함한다], 매니큐어용 제품류와 페디큐어(pedicure)용 제품류",84.4,1415,99.7,533,881
"2021-11","인도네시아","3304","미용이나 메이크업용 제품류와 기초화장용 제품류[의약품은 제외하며, 선스크린(sunscreen)과 선탠(sun tan) 제품류를 포함한다], 매니큐어용 제품류와 페디큐어(pedicure)용 제품류",136.7,3519,0.9,28,3491
"2021-11","일본","3304","미용이나 메이크업용 제품류와 기초화장용 제품류[의약품은 제외하며, 선스크린(sunscreen)과 선탠(sun tan) 제품류를 포함한다], 매니큐어용 제품류와 페디큐어(pedicure)용 제품류",1626.0,65359,194.9,7979,57380
"2021-11","중국","3304","미용이나 메이크업용 제품류와 기초화장용 제품류[의약품은 제외하며, 선스크린(sunscreen)과 선탠(sun tan) 제품류를 포함한다], 매니큐어용 제품류와 페디큐어(pedicure)용 제품류",10062.7,437492,131.8,3230,434262
"2021-11","캐나다","3304","미용이나 메이크업용 제품류와 기초화장용 제품류[의약품은 제외하며, 선스크린(sunscreen)과 선탠(sun tan) 제품류를 포함한다], 매니큐어용 제품류와 페디큐어(pedicure)용 제품류",130.3,3077,288.8,2816,261
"2021-11","태국","3304","미용이나 메이크업용 제품류와 기초화장용 제품류[의약품은 제외하며, 선스크린(sunscreen)과 선탠(sun tan) 제품류를 포함한다], 매니큐어용 제품류와 페디큐어(pedicure)용 제품류",362.3,10354,135.3,1478,8876
"2021-11","튀르키예","3304","미용이나 메이크업용 제품류와 기초화장용 제품류[의약품은 제외하며, 선스크린(sunscreen)과 선탠(sun tan) 제품류를 포함한다], 매니큐어용 제품류와 페디큐어(pedicure)용 제품류",46.1,1530,0.5,9,1521
"2021-11","프랑스","3304","미용이나 메이크업용 제품류와 기초화장용 제품류[의약품은 제외하며, 선스크린(sunscreen)과 선탠(sun tan) 제품류를 포함한다], 매니큐어용 제품류와 페디큐어(pedicure)용 제품류",120.9,4280,359.4,22215,-17935
"2021-11","필리핀","3304","미용이나 메이크업용 제품류와 기초화장용 제품류[의약품은 제외하며, 선스크린(sunscreen)과 선탠(sun tan) 제품류를 포함한다], 매니큐어용 제품류와 페디큐어(pedicure)용 제품류",197.8,2876,0.6,11,2865
"2021-11","호주","3304","미용이나 메이크업용 제품류와 기초화장용 제품류[의약품은 제외하며, 선스크린(sunscreen)과 선탠(sun tan) 제품류를 포함한다], 매니큐어용 제품류와 페디큐어(pedicure)용 제품류",164.5,3191,50.4,2862,330
"2021-11","홍콩","3304","미용이나 메이크업용 제품류와 기초화장용 제품류[의약품은 제외하며, 선스크린(sunscreen)과 선탠(sun tan) 제품류를 포함한다], 매니큐어용 제품류와 페디큐어(pedicure)용 제품류",954.9,43327,2.4,341,42986
"2021-12","네덜란드","3304","미용이나 메이크업용 제품류와 기초화장용 제품류[의약품은 제외하며, 선스크린(sunscreen)과 선탠(sun tan) 제품류를 포함한다], 매니큐어용 제품류와 페디큐어(pedicure)용 제품류",130.3,2049,0.4,89,1960
"2021-12","대만","3304","미용이나 메이크업용 제품류와 기초화장용 제품류[의약품은 제외하며, 선스크린(sunscreen)과 선탠(sun tan) 제품류를 포함한다], 매니큐어용 제품류와 페디큐어(pedicure)용 제품류",573.0,11426,2.9,53,11373
"2021-12","독일","3304","미용이나 메이크업용 제품류와 기초화장용 제품류[의약품은 제외하며, 선스크린(sunscreen)과 선탠(sun tan) 제품류를 포함한다], 매니큐어용 제품류와 페디큐어(pedicure)용 제품류",56.5,2286,178.3,4114,-1829
"2021-12","러시아 연방","3304","미용이나 메이크업용 제품류와 기초화장용 제품류[의약품은 제외하며, 선스크린(sunscreen)과 선탠(sun tan) 제품류를 포함한다], 매니큐어용 제품류와 페디큐어(pedicure)용 제품류",853.2,16464,0.2,31,16433
"2021-12","말레이시아","3304","미용이나 메이크업용 제품류와 기초화장용 제품류[의약품은 제외하며, 선스크린(sunscreen)과 선탠(sun tan) 제품류를 포함한다], 매니큐어용 제품류와 페디큐어(pedicure)용 제품류",274.3,5216,91.2,482,4734
"2021-12","미국","3304","미용이나 메이크업용 제품류와 기초화장용 제품류[의약품은 제외하며, 선스크린(sunscreen)과 선탠(sun tan) 제품류를 포함한다], 매니큐어용 제품류와 페디큐어(pedicure)용 제품류",2226.4,54483,432.8,17897,36586
"2021-12","베트남","3304","미용이나 메이크업용 제품류와 기초화장용 제품류[의약품은 제외하며, 선스크린(sunscreen)과 선탠(sun tan) 제품류를 포함한다], 매니큐어용 제품류와 페디큐어(pedicure)용 제품류",736.7,23020,19.2,236,22784
"2021-12","싱가포르","3304","미용이나 메이크업용 제품류와 기초화장용 제품류[의약품은 제외하며, 선스크린(sunscreen)과 선탠(sun tan) 제품류를 포함한다], 매니큐어용 제품류와 페디큐어(pedicure)용 제품류",246.5,7123,11.6,2025,5098
"2021-12","아랍에미리트 연합","3304","미용이나 메이크업용 제품류와 기초화장용 제품류[의약품은 제외하며, 선스크린(sunscreen)과 선탠(sun tan) 제품류를 포함한다], 매니큐어용 제품류와 페디큐어(pedicure)용 제품류",65.9,4532,8.0,81,4450
"2021-12","영국","3304","미용이나 메이크업용 제품류와 기초화장용 제품류[의약품은 제외하며, 선스크린(sunscreen)과 선탠(sun tan) 제품류를 포함한다], 매니큐어용 제품류와 페디큐어(pedicure)용 제품류",100.3,4064,59.9,3334,730
"2021-12","인도","3304","미용이나 메이크업용 제품류와 기초화장용 제품류[의약품은 제외하며, 선스크린(sunscreen)과 선탠(sun tan) 제품류를 포함한다], 매니큐어용 제품류와 페디큐어(pedicure)용 제품류",167.7,3055,7.0,38,3016
"2021-12","인도네시아","3304","미용이나 메이크업용 제품류와 기초화장용 제품류[의약품은 제외하며, 선스크린(sunscreen)과 선탠(sun tan) 제품류를 포함한다], 매니큐어용 제품류와 페디큐어(pedicure)용 제품류",138.4,4104,0.9,27,4077
"2021-12","일본","3304","미용이나 메이크업용 제품류와 기초화장용 제품류[의약품은 제외하며, 선스크린(sunscreen)과 선탠(sun tan) 제품류를 포함한다], 매니큐어용 제품류와 페디큐어(pedicure)용 제품류",1458.4,54660,293.5,9722,44938
"2021-12","중국","3304","미용이나 메이크업용 제품류와 기초화장용 제품류[의약품은 제외하며, 선스크린(sunscreen)과 선탠(sun tan) 제품류를 포함한다], 매니큐어용 제품류와 페디큐어(pedicure)용 제품류",7351.2,264744,182.3,3826,260918
"2021-12","캐나다","3304","미용이나 메이크업용 제품류와 기초화장용 제품류[의약품은 제외하며, 선스크린(sunscreen)과 선탠(sun tan) 제품류를 포함한다], 매니큐어용 제품류와 페디큐어(pedicure)용 제품류",149.8,3965,159.7,1892,2073
"2021-12","태국","3304","미용이나 메이크업용 제품류와 기초화장용 제품류[의약품은 제외하며, 선스크린(sunscreen)과 선탠(sun tan) 제품류를 포함한다], 매니큐어용 제품류와 페디큐어(pedicure)용 제품류",343.1,10370,121.2,1379,8991
"2021-12","튀르키예","3304","미용이나 메이크업용 제품류와 기초화장용 제품류[의약품은 제외하며, 선스크린(sunscreen)과 선탠(sun tan) 제품류를 포함한다], 매니큐어용 제품류와 페디큐어(pedicure)용 제품류",39.7,2083,0.9,35,2048
"2021-12","프랑스","3304","미용이나 메이크업용 제품류와 기초화장용 제품류[의약품은 제외하며, 선스크린(sunscreen)과 선탠(sun tan) 제품류를 포함한다], 매니큐어용 제품류와 페디큐어(pedicure)용 제품류",150.1,5904,489.8,25215,-19311
"2021-12","필리핀","3304","미용이나 메이크업용 제품류와 기초화장용 제품류[의약품은 제외하며, 선스크린(sunscreen)과 선탠(sun tan) 제품류를 포함한다], 매니큐어용 제품류와 페디큐어(pedicure)용 제품류",126.5,2688,1.4,32,2656
"2021-12","호주","3304","미용이나 메이크업용 제품류와 기초화장용 제품류[의약품은 제외하며, 선스크린(sunscreen)과 선탠(sun tan) 제품류를 포함한다], 매니큐어용 제품류와 페디큐어(pedicure)용 제품류",173.2,2751,42.1,1802,950
"2021-12","홍콩","3304","미용이나 메이크업용 제품류와 기초화장용 제품류[의약품은 제외하며, 선스크린(sunscreen)과 선탠(sun tan) 제품류를 포함한다], 매니큐어용 제품류와 페디큐어(pedicure)용 제품류",759.8,32675,2.4,415,32260