﻿기간,국가,HS코드,품목명,수출 중량,수출 금액,수입 중량,수입 금액,무역수지
"총계","","","",1559584.6,32015689,333542.5,5972993,26042697
"2017","대만","3304","미용이나 메이크업용 제품류와 기초화장용 제품류[의약품은 제외하며, 선스크린(sunscreen)과 선탠(sun tan) 제품류를 포함한다], 매니큐어용 제품류와 페디큐어(pedicure)용 제품류",4636.5,124539,144.8,2114,122425
"2017","대만","3305","두발용 제품류",2211.3,12977,42.8,630,12347
"2017","대만","3307","면도용 제품류ㆍ인체용 탈취제ㆍ목욕용 조제품ㆍ탈모제와 그 밖의 조제향료ㆍ따로 분류되지 않은 화장품이나 화장용품ㆍ실내용 조제 탈취제(향을 첨가한 것인지 또는 살균성이 있는 것인지에 상관없다)",2639.2,11056,93.7,2190,8866
"2017","독일","3304","미용이나 메이크업용 제품류와 기초화장용 제품류[의약품은 제외하며, 선스크린(sunscreen)과 선탠(sun tan) 제품류를 포함한다], 매니큐어용 제품류와 페디큐어(pedicure)용 제품류",231.2,9401,1288.8,40415,-31013
"2017","독일","3305","두발용 제품류",15.9,341,326.8,5350,-5010
"2017","독일","3307","면도용 제품류ㆍ인체용 탈취제ㆍ목욕용 조제품ㆍ탈모제와 그 밖의 조제향료ㆍ따로 분류되지 않은 화장품이나 화장용품ㆍ실내용 조제 탈취제(향을 첨가한 것인지 또는 살균성이 있는 것인지에 상관없다)",233.7,3908,689.6,3874,33
"2017","러시아 연방","3304","미용이나 메이크업용 제품류와 기초화장용 제품류[의약품은 제외하며, 선스크린(sunscreen)과 선탠(sun tan) 제품류를 포함한다], 매니큐어용 제품류와 페디큐어(pedicure)용 제품류",3475.4,80796,3.4,233,80564
"2017","러시아 연방","3305","두발용 제품류",1122.1,5501,0.0,0,5501
"2017","러시아 연방","3307","면도용 제품류ㆍ인체용 탈취제ㆍ목욕용 조제품ㆍ탈모제와 그 밖의 조제향료ㆍ따로 분류되지 않은 화장품이나 화장용품ㆍ실내용 조제 탈취제(향을 첨가한 것인지 또는 살균성이 있는 것인지에 상관없다)",1277.5,9671,0.0,0,9671
"2017","말레이시아","3304","미용이나 메이크업용 제품류와 기초화장용 제품류[의약품은 제외하며, 선스크린(sunscreen)과 선탠(sun tan) 제품류를 포함한다], 매니큐어용 제품류와 페디큐어(pedicure)용 제품류",1973.8,52665,675.9,3704,48961
"2017","말레이시아","3305","두발용 제품류",702.1,4835,121.7,617,4218
"2017","말레이시아","3307","면도용 제품류ㆍ인체용 탈취제ㆍ목욕용 조제품ㆍ탈모제와 그 밖의 조제향료ㆍ따로 분류되지 않은 화장품이나 화장용품ㆍ실내용 조제 탈취제(향을 첨가한 것인지 또는 살균성이 있는 것인지에 상관없다)",1006.6,6562,96.1,1960,4603
"2017","미국","3304","미용이나 메이크업용 제품류와 기초화장용 제품류[의약품은 제외하며, 선스크린(sunscreen)과 선탠(sun tan) 제품류를 포함한다], 매니큐어용 제품류와 페디큐어(pedicure)용 제품류",14838.7,367038,7087.7,237385,129652
"2017","미국","3305","두발용 제품류",2341.8,17826,4306.5,57701,-39875
"2017","미국","3307","면도용 제품류ㆍ인체용 탈취제ㆍ목욕용 조제품ㆍ탈모제와 그 밖의 조제향료ㆍ따로 분류되지 않은 화장품이나 화장용품ㆍ실내용 조제 탈취제(향을 첨가한 것인지 또는 살균성이 있는 것인지에 상관없다)",5518.4,56092,6995.2,50738,5354
"2017","베트남","3304","미용이나 메이크업용 제품류와 기초화장용 제품류[의약품은 제외하며, 선스크린(sunscreen)과 선탠(sun tan) 제품류를 포함한다], 매니큐어용 제품류와 페디큐어(pedicure)용 제품류",4634.9,123335,85.4,1128,122207
"2017","베트남","3305","두발용 제품류",1302.8,8425,69.8,681,7744
"2017","베트남","3307","면도용 제품류ㆍ인체용 탈취제ㆍ목욕용 조제품ㆍ탈모제와 그 밖의 조제향료ㆍ따로 분류되지 않은 화장품이나 화장용품ㆍ실내용 조제 탈취제(향을 첨가한 것인지 또는 살균성이 있는 것인지에 상관없다)",1926.0,7212,3418.4,11010,-3797
"2017","싱가포르","3304","미용이나 메이크업용 제품류와 기초화장용 제품류[의약품은 제외하며, 선스크린(sunscreen)과 선탠(sun tan) 제품류를 포함한다], 매니큐어용 제품류와 페디큐어(pedicure)용 제품류",2589.6,85784,60.0,7705,78079
"2017","싱가포르","3305","두발용 제품류",595.1,4033,4.8,100,3932
"2017","싱가포르","3307","면도용 제품류ㆍ인체용 탈취제ㆍ목욕용 조제품ㆍ탈모제와 그 밖의 조제향료ㆍ따로 분류되지 않은 화장품이나 화장용품ㆍ실내용 조제 탈취제(향을 첨가한 것인지 또는 살균성이 있는 것인지에 상관없다)",877.2,5123,3.2,129,4994
"2017","아랍에미리트 연합","3304","미용이나 메이크업용 제품류와 기초화장용 제품류[의약품은 제외하며, 선스크린(sunscreen)과 선탠(sun tan) 제품류를 포함한다], 매니큐어용 제품류와 페디큐어(pedicure)용 제품류",370.9,8478,33.8,378,8100
"2017","아랍에미리트 연합","3305","두발용 제품류",109.4,1202,0.7,9,1193
"2017","아랍에미리트 연합","3307","면도용 제품류ㆍ인체용 탈취제ㆍ목욕용 조제품ㆍ탈모제와 그 밖의 조제향료ㆍ따로 분류되지 않은 화장품이나 화장용품ㆍ실내용 조제 탈취제(향을 첨가한 것인지 또는 살균성이 있는 것인지에 상관없다)",258.1,2542,0.1,2,2539
"2017","영국","3304","미용이나 메이크업용 제품류와 기초화장용 제품류[의약품은 제외하며, 선스크린(sunscreen)과 선탠(sun tan) 제품류를 포함한다], 매니큐어용 제품류와 페디큐어(pedicure)용 제품류",746.6,17759,1085.8,33823,-16064
"2017","영국","3305","두발용 제품류",9.7,214,327.0,4374,-4160
"2017","영국","3307","면도용 제품류ㆍ인체용 탈취제ㆍ목욕용 조제품ㆍ탈모제와 그 밖의 조제향료ㆍ따로 분류되지 않은 화장품이나 화장용품ㆍ실내용 조제 탈취제(향을 첨가한 것인지 또는 살균성이 있는 것인지에 상관없다)",506.6,6643,631.5,6289,353
"2017","인도","3304","미용이나 메이크업용 제품류와 기초화장용 제품류[의약품은 제외하며, 선스크린(sunscreen)과 선탠(sun tan) 제품류를 포함한다], 매니큐어용 제품류와 페디큐어(pedicure)용 제품류",380.3,5575,80.0,1153,4422
"2017","인도","3305","두발용 제품류",82.4,1136,861.4,7075,-5939
"2017","인도","3307","면도용 제품류ㆍ인체용 탈취제ㆍ목욕용 조제품ㆍ탈모제와 그 밖의 조제향료ㆍ따로 분류되지 않은 화장품이나 화장용품ㆍ실내용 조제 탈취제(향을 첨가한 것인지 또는 살균성이 있는 것인지에 상관없다)",37.0,319,39.9,237,82
"2017","인도네시아","3304","미용이나 메이크업용 제품류와 기초화장용 제품류[의약품은 제외하며, 선스크린(sunscreen)과 선탠(sun tan) 제품류를 포함한다], 매니큐어용 제품류와 페디큐어(pedicure)용 제품류",643.7,21605,37.1,760,20845
"2017","인도네시아","3305","두발용 제품류",142.8,1152,323.4,1323,-171
"2017","인도네시아","3307","면도용 제품류ㆍ인체용 탈취제ㆍ목욕용 조제품ㆍ탈모제와 그 밖의 조제향료ㆍ따로 분류되지 않은 화장품이나 화장용품ㆍ실내용 조제 탈취제(향을 첨가한 것인지 또는 살균성이 있는 것인지에 상관없다)",543.7,1991,27.9,443,1549
"2017","일본","3304","미용이나 메이크업용 제품류와 기초화장용 제품류[의약품은 제외하며, 선스크린(sunscreen)과 선탠(sun tan) 제품류를 포함한다], 매니큐어용 제품류와 페디큐어(pedicure)용 제품류",6842.4,193650,4082.7,165311,28339
"2017","일본","3305","두발용 제품류",731.1,9513,3705.4,47043,-37530
"2017","일본","3307","면도용 제품류ㆍ인체용 탈취제ㆍ목욕용 조제품ㆍ탈모제와 그 밖의 조제향료ㆍ따로 분류되지 않은 화장품이나 화장용품ㆍ실내용 조제 탈취제(향을 첨가한 것인지 또는 살균성이 있는 것인지에 상관없다)",5649.5,25182,1422.5,10468,14714
"2017","중국","3304","미용이나 메이크업용 제품류와 기초화장용 제품류[의약품은 제외하며, 선스크린(sunscreen)과 선탠(sun tan) 제품류를 포함한다], 매니큐어용 제품류와 페디큐어(pedicure)용 제품류",54308.8,1465648,993.1,18544,1447104
"2017","중국","3305","두발용 제품류",17407.2,112385,3069.6,15480,96905
"2017","중국","3307","면도용 제품류ㆍ인체용 탈취제ㆍ목욕용 조제품ㆍ탈모제와 그 밖의 조제향료ㆍ따로 분류되지 않은 화장품이나 화장용품ㆍ실내용 조제 탈취제(향을 첨가한 것인지 또는 살균성이 있는 것인지에 상관없다)",20124.5,316648,2978.8,21421,295227
"2017","캐나다","3304","미용이나 메이크업용 제품류와 기초화장용 제품류[의약품은 제외하며, 선스크린(sunscreen)과 선탠(sun tan) 제품류를 포함한다], 매니큐어용 제품류와 페디큐어(pedicure)용 제품류",916.9,20943,2812.5,36941,-15997
"2017","캐나다","3305","두발용 제품류",118.9,1172,50.2,587,585
"2017","캐나다","3307","면도용 제품류ㆍ인체용 탈취제ㆍ목욕용 조제품ㆍ탈모제와 그 밖의 조제향료ㆍ따로 분류되지 않은 화장품이나 화장용품ㆍ실내용 조제 탈취제(향을 첨가한 것인지 또는 살균성이 있는 것인지에 상관없다)",278.6,3584,87.7,942,2642
"2017","태국","3304","미용이나 메이크업용 제품류와 기초화장용 제품류[의약품은 제외하며, 선스크린(sunscreen)과 선탠(sun tan) 제품류를 포함한다], 매니큐어용 제품류와 페디큐어(pedicure)용 제품류",5780.6,131932,595.6,5361,126571
"2017","태국","3305","두발용 제품류",369.5,3790,7122.7,46239,-42449
"2017","태국","3307","면도용 제품류ㆍ인체용 탈취제ㆍ목욕용 조제품ㆍ탈모제와 그 밖의 조제향료ㆍ따로 분류되지 않은 화장품이나 화장용품ㆍ실내용 조제 탈취제(향을 첨가한 것인지 또는 살균성이 있는 것인지에 상관없다)",1784.5,12903,1434.7,7678,5225
"2017","튀르키예","3304","미용이나 메이크업용 제품류와 기초화장용 제품류[의약품은 제외하며, 선스크린(sunscreen)과 선탠(sun tan) 제품류를 포함한다], 매니큐어용 제품류와 페디큐어(pedicure)용 제품류",247.9,6459,4.1,376,6083
"2017","튀르키예","3305","두발용 제품류",15.4,226,0.0,1,225
"2017","튀르키예","3307","면도용 제품류ㆍ인체용 탈취제ㆍ목욕용 조제품ㆍ탈모제와 그 밖의 조제향료ㆍ따로 분류되지 않은 화장품이나 화장용품ㆍ실내용 조제 탈취제(향을 첨가한 것인지 또는 살균성이 있는 것인지에 상관없다)",104.1,1225,187.5,739,486
"2017","프랑스","3304","미용이나 메이크업용 제품류와 기초화장용 제품류[의약품은 제외하며, 선스크린(sunscreen)과 선탠(sun tan) 제품류를 포함한다], 매니큐어용 제품류와 페디큐어(pedicure)용 제품류",813.9,39977,6373.2,288220,-248243
"2017","프랑스","3305","두발용 제품류",81.4,1419,784.7,9698,-8279
"2017","프랑스","3307","면도용 제품류ㆍ인체용 탈취제ㆍ목욕용 조제품ㆍ탈모제와 그 밖의 조제향료ㆍ따로 분류되지 않은 화장품이나 화장용품ㆍ실내용 조제 탈취제(향을 첨가한 것인지 또는 살균성이 있는 것인지에 상관없다)",348.1,5068,493.7,9381,-4313
"2017","필리핀","3304","미용이나 메이크업용 제품류와 기초화장용 제품류[의약품은 제외하며, 선스크린(sunscreen)과 선탠(sun tan) 제품류를 포함한다], 매니큐어용 제품류와 페디큐어(pedicure)용 제품류",1355.6,26572,38.8,497,26076
"2017","필리핀","3305","두발용 제품류",152.3,981,3.2,55,926
"2017","필리핀","3307","면도용 제품류ㆍ인체용 탈취제ㆍ목욕용 조제품ㆍ탈모제와 그 밖의 조제향료ㆍ따로 분류되지 않은 화장품이나 화장용품ㆍ실내용 조제 탈취제(향을 첨가한 것인지 또는 살균성이 있는 것인지에 상관없다)",621.1,2871,3.8,73,2799
"2017","호주","3304","미용이나 메이크업용 제품류와 기초화장용 제품류[의약품은 제외하며, 선스크린(sunscreen)과 선탠(sun tan) 제품류를 포함한다], 매니큐어용 제품류와 페디큐어(pedicure)용 제품류",1599.1,18972,281.2,6819,12153
"2017","호주","3305","두발용 제품류",190.7,1485,330.5,1305,179
"2017","호주","3307","면도용 제품류ㆍ인체용 탈취제ㆍ목욕용 조제품ㆍ탈모제와 그 밖의 조제향료ㆍ따로 분류되지 않은 화장품이나 화장용품ㆍ실내용 조제 탈취제(향을 첨가한 것인지 또는 살균성이 있는 것인지에 상관없다)",544.1,2778,558.3,4500,-1722
"2017","홍콩","3304","미용이나 메이크업용 제품류와 기초화장용 제품류[의약품은 제외하며, 선스크린(sunscreen)과 선탠(sun tan) 제품류를 포함한다], 매니큐어용 제품류와 페디큐어(pedicure)용 제품류",31553.6,963479,95.3,5052,958427
"2017","홍콩","3305","두발용 제품류",2155.0,20505,46.4,576,19929
"2017","홍콩","3307","면도용 제품류ㆍ인체용 탈취제ㆍ목욕용 조제품ㆍ탈모제와 그 밖의 조제향료ㆍ따로 분류되지 않은 화장품이나 화장용품ㆍ실내용 조제 탈취제(향을 첨가한 것인지 또는 살균성이 있는 것인지에 상관없다)",13828.4,226661,50.3,1458,225203
"2018","대만","3304","미용이나 메이크업용 제품류와 기초화장용 제품류[의약품은 제외하며, 선스크린(sunscreen)과 선탠(sun tan) 제품류를 포함한다], 매니큐어용 제품류와 페디큐어(pedicure)용 제품류",5418.7,124425,183.6,3539,120885
"2018","대만","3305","두발용 제품류",1870.8,11805,46.0,524,11281
"2018","대만","3307","면도용 제품류ㆍ인체용 탈취제ㆍ목욕용 조제품ㆍ탈모제와 그 밖의 조제향료ㆍ따로 분류되지 않은 화장품이나 화장용품ㆍ실내용 조제 탈취제(향을 첨가한 것인지 또는 살균성이 있는 것인지에 상관없다)",2630.0,15418,75.2,2132,13286
"2018","독일","3304","미용이나 메이크업용 제품류와 기초화장용 제품류[의약품은 제외하며, 선스크린(sunscreen)과 선탠(sun tan) 제품류를 포함한다], 매니큐어용 제품류와 페디큐어(pedicure)용 제품류",519.8,13980,1439.6,41686,-27706
"2018","독일","3305","두발용 제품류",78.6,1160,574.5,6968,-5808
"2018","독일","3307","면도용 제품류ㆍ인체용 탈취제ㆍ목욕용 조제품ㆍ탈모제와 그 밖의 조제향료ㆍ따로 분류되지 않은 화장품이나 화장용품ㆍ실내용 조제 탈취제(향을 첨가한 것인지 또는 살균성이 있는 것인지에 상관없다)",136.5,2523,701.5,4302,-1779
"2018","러시아 연방","3304","미용이나 메이크업용 제품류와 기초화장용 제품류[의약품은 제외하며, 선스크린(sunscreen)과 선탠(sun tan) 제품류를 포함한다], 매니큐어용 제품류와 페디큐어(pedicure)용 제품류",6617.2,134353,6.7,283,134070
"2018","러시아 연방","3305","두발용 제품류",1468.2,7331,0.0,1,7330
"2018","러시아 연방","3307","면도용 제품류ㆍ인체용 탈취제ㆍ목욕용 조제품ㆍ탈모제와 그 밖의 조제향료ㆍ따로 분류되지 않은 화장품이나 화장용품ㆍ실내용 조제 탈취제(향을 첨가한 것인지 또는 살균성이 있는 것인지에 상관없다)",1734.4,14864,0.0,0,14863
"2018","말레이시아","3304","미용이나 메이크업용 제품류와 기초화장용 제품류[의약품은 제외하며, 선스크린(sunscreen)과 선탠(sun tan) 제품류를 포함한다], 매니큐어용 제품류와 페디큐어(pedicure)용 제품류",2374.9,65419,681.9,4342,61077
"2018","말레이시아","3305","두발용 제품류",663.5,6012,142.3,761,5250
"2018","말레이시아","3307","면도용 제품류ㆍ인체용 탈취제ㆍ목욕용 조제품ㆍ탈모제와 그 밖의 조제향료ㆍ따로 분류되지 않은 화장품이나 화장용품ㆍ실내용 조제 탈취제(향을 첨가한 것인지 또는 살균성이 있는 것인지에 상관없다)",926.2,9753,70.6,1687,8065
"2018","미국","3304","미용이나 메이크업용 제품류와 기초화장용 제품류[의약품은 제외하며, 선스크린(sunscreen)과 선탠(sun tan) 제품류를 포함한다], 매니큐어용 제품류와 페디큐어(pedicure)용 제품류",19064.2,428684,6566.0,241441,187243
"2018","미국","3305","두발용 제품류",2770.4,22757,4126.8,58144,-35387
"2018","미국","3307","면도용 제품류ㆍ인체용 탈취제ㆍ목욕용 조제품ㆍ탈모제와 그 밖의 조제향료ㆍ따로 분류되지 않은 화장품이나 화장용품ㆍ실내용 조제 탈취제(향을 첨가한 것인지 또는 살균성이 있는 것인지에 상관없다)",7328.3,77826,5421.6,43161,34665
"2018","베트남","3304","미용이나 메이크업용 제품류와 기초화장용 제품류[의약품은 제외하며, 선스크린(sunscreen)과 선탠(sun tan) 제품류를 포함한다], 매니큐어용 제품류와 페디큐어(pedicure)용 제품류",4390.7,145985,28.0,691,145294
"2018","베트남","3305","두발용 제품류",1369.9,8441,69.5,631,7810
"2018","베트남","3307","면도용 제품류ㆍ인체용 탈취제ㆍ목욕용 조제품ㆍ탈모제와 그 밖의 조제향료ㆍ따로 분류되지 않은 화장품이나 화장용품ㆍ실내용 조제 탈취제(향을 첨가한 것인지 또는 살균성이 있는 것인지에 상관없다)",2099.2,10210,4697.5,20237,-10027
"2018","싱가포르","3304","미용이나 메이크업용 제품류와 기초화장용 제품류[의약품은 제외하며, 선스크린(sunscreen)과 선탠(sun tan) 제품류를 포함한다], 매니큐어용 제품류와 페디큐어(pedicure)용 제품류",3966.6,110635,51.9,7012,103623
"2018","싱가포르","3305","두발용 제품류",589.6,4371,7.4,149,4222
"2018","싱가포르","3307","면도용 제품류ㆍ인체용 탈취제ㆍ목욕용 조제품ㆍ탈모제와 그 밖의 조제향료ㆍ따로 분류되지 않은 화장품이나 화장용품ㆍ실내용 조제 탈취제(향을 첨가한 것인지 또는 살균성이 있는 것인지에 상관없다)",1300.2,11178,4.8,205,10974
"2018","아랍에미리트 연합","3304","미용이나 메이크업용 제품류와 기초화장용 제품류[의약품은 제외하며, 선스크린(sunscreen)과 선탠(sun tan) 제품류를 포함한다], 매니큐어용 제품류와 페디큐어(pedicure)용 제품류",446.4,11796,47.7,765,11031
"2018","아랍에미리트 연합","3305","두발용 제품류",111.6,1775,0.0,0,1774
"2018","아랍에미리트 연합","3307","면도용 제품류ㆍ인체용 탈취제ㆍ목욕용 조제품ㆍ탈모제와 그 밖의 조제향료ㆍ따로 분류되지 않은 화장품이나 화장용품ㆍ실내용 조제 탈취제(향을 첨가한 것인지 또는 살균성이 있는 것인지에 상관없다)",168.6,1703,0.0,0,1703
"2018","영국","3304","미용이나 메이크업용 제품류와 기초화장용 제품류[의약품은 제외하며, 선스크린(sunscreen)과 선탠(sun tan) 제품류를 포함한다], 매니큐어용 제품류와 페디큐어(pedicure)용 제품류",1057.0,31279,904.4,31343,-64
"2018","영국","3305","두발용 제품류",17.5,278,185.8,2367,-2089
"2018","영국","3307","면도용 제품류ㆍ인체용 탈취제ㆍ목욕용 조제품ㆍ탈모제와 그 밖의 조제향료ㆍ따로 분류되지 않은 화장품이나 화장용품ㆍ실내용 조제 탈취제(향을 첨가한 것인지 또는 살균성이 있는 것인지에 상관없다)",798.8,9652,212.4,3118,6534
"2018","인도","3304","미용이나 메이크업용 제품류와 기초화장용 제품류[의약품은 제외하며, 선스크린(sunscreen)과 선탠(sun tan) 제품류를 포함한다], 매니큐어용 제품류와 페디큐어(pedicure)용 제품류",702.5,9561,442.8,2629,6932
"2018","인도","3305","두발용 제품류",83.2,1011,981.6,8236,-7225
"2018","인도","3307","면도용 제품류ㆍ인체용 탈취제ㆍ목욕용 조제품ㆍ탈모제와 그 밖의 조제향료ㆍ따로 분류되지 않은 화장품이나 화장용품ㆍ실내용 조제 탈취제(향을 첨가한 것인지 또는 살균성이 있는 것인지에 상관없다)",91.8,1010,50.1,363,648
"2018","인도네시아","3304","미용이나 메이크업용 제품류와 기초화장용 제품류[의약품은 제외하며, 선스크린(sunscreen)과 선탠(sun tan) 제품류를 포함한다], 매니큐어용 제품류와 페디큐어(pedicure)용 제품류",2267.6,44847,31.0,706,44141
"2018","인도네시아","3305","두발용 제품류",190.7,1853,311.6,1132,721
"2018","인도네시아","3307","면도용 제품류ㆍ인체용 탈취제ㆍ목욕용 조제품ㆍ탈모제와 그 밖의 조제향료ㆍ따로 분류되지 않은 화장품이나 화장용품ㆍ실내용 조제 탈취제(향을 첨가한 것인지 또는 살균성이 있는 것인지에 상관없다)",768.2,4048,25.6,447,3601
"2018","일본","3304","미용이나 메이크업용 제품류와 기초화장용 제품류[의약품은 제외하며, 선스크린(sunscreen)과 선탠(sun tan) 제품류를 포함한다], 매니큐어용 제품류와 페디큐어(pedicure)용 제품류",8067.6,255245,5026.9,186645,68600
"2018","일본","3305","두발용 제품류",714.4,13050,3512.9,47781,-34731
"2018","일본","3307","면도용 제품류ㆍ인체용 탈취제ㆍ목욕용 조제품ㆍ탈모제와 그 밖의 조제향료ㆍ따로 분류되지 않은 화장품이나 화장용품ㆍ실내용 조제 탈취제(향을 첨가한 것인지 또는 살균성이 있는 것인지에 상관없다)",5810.8,33820,1296.4,14597,19223
"2018","중국","3304","미용이나 메이크업용 제품류와 기초화장용 제품류[의약품은 제외하며, 선스크린(sunscreen)과 선탠(sun tan) 제품류를 포함한다], 매니큐어용 제품류와 페디큐어(pedicure)용 제품류",77249.7,2014079,1176.1,24430,1989649
"2018","중국","3305","두발용 제품류",20114.9,131926,2894.8,14988,116938
"2018","중국","3307","면도용 제품류ㆍ인체용 탈취제ㆍ목욕용 조제품ㆍ탈모제와 그 밖의 조제향료ㆍ따로 분류되지 않은 화장품이나 화장용품ㆍ실내용 조제 탈취제(향을 첨가한 것인지 또는 살균성이 있는 것인지에 상관없다)",32577.2,458426,3612.6,29345,429081
"2018","캐나다","3304","미용이나 메이크업용 제품류와 기초화장용 제품류[의약품은 제외하며, 선스크린(sunscreen)과 선탠(sun tan) 제품류를 포함한다], 매니큐어용 제품류와 페디큐어(pedicure)용 제품류",1059.6,24253,1543.1,27199,-2946
"2018","캐나다","3305","두발용 제품류",166.1,1366,54.9,568,797
"2018","캐나다","3307","면도용 제품류ㆍ인체용 탈취제ㆍ목욕용 조제품ㆍ탈모제와 그 밖의 조제향료ㆍ따로 분류되지 않은 화장품이나 화장용품ㆍ실내용 조제 탈취제(향을 첨가한 것인지 또는 살균성이 있는 것인지에 상관없다)",303.8,3545,59.5,798,2746
"2018","태국","3304","미용이나 메이크업용 제품류와 기초화장용 제품류[의약품은 제외하며, 선스크린(sunscreen)과 선탠(sun tan) 제품류를 포함한다], 매니큐어용 제품류와 페디큐어(pedicure)용 제품류",5196.5,139125,563.0,5264,133861
"2018","태국","3305","두발용 제품류",397.0,4027,7439.1,50514,-46486
"2018","태국","3307","면도용 제품류ㆍ인체용 탈취제ㆍ목욕용 조제품ㆍ탈모제와 그 밖의 조제향료ㆍ따로 분류되지 않은 화장품이나 화장용품ㆍ실내용 조제 탈취제(향을 첨가한 것인지 또는 살균성이 있는 것인지에 상관없다)",2277.6,18290,1884.8,11041,7249
"2018","튀르키예","3304","미용이나 메이크업용 제품류와 기초화장용 제품류[의약품은 제외하며, 선스크린(sunscreen)과 선탠(sun tan) 제품류를 포함한다], 매니큐어용 제품류와 페디큐어(pedicure)용 제품류",377.5,10748,5.2,557,10190
"2018","튀르키예","3305","두발용 제품류",53.9,1581,5.0,81,1500
"2018","튀르키예","3307","면도용 제품류ㆍ인체용 탈취제ㆍ목욕용 조제품ㆍ탈모제와 그 밖의 조제향료ㆍ따로 분류되지 않은 화장품이나 화장용품ㆍ실내용 조제 탈취제(향을 첨가한 것인지 또는 살균성이 있는 것인지에 상관없다)",124.3,1489,259.4,822,667
"2018","프랑스","3304","미용이나 메이크업용 제품류와 기초화장용 제품류[의약품은 제외하며, 선스크린(sunscreen)과 선탠(sun tan) 제품류를 포함한다], 매니큐어용 제품류와 페디큐어(pedicure)용 제품류",1348.0,62647,6420.1,326073,-263427
"2018","프랑스","3305","두발용 제품류",53.0,941,924.3,12389,-11448
"2018","프랑스","3307","면도용 제품류ㆍ인체용 탈취제ㆍ목욕용 조제품ㆍ탈모제와 그 밖의 조제향료ㆍ따로 분류되지 않은 화장품이나 화장용품ㆍ실내용 조제 탈취제(향을 첨가한 것인지 또는 살균성이 있는 것인지에 상관없다)",341.1,4467,584.8,11615,-7148
"2018","필리핀","3304","미용이나 메이크업용 제품류와 기초화장용 제품류[의약품은 제외하며, 선스크린(sunscreen)과 선탠(sun tan) 제품류를 포함한다], 매니큐어용 제품류와 페디큐어(pedicure)용 제품류",2015.1,33686,33.1,235,33451
"2018","필리핀","3305","두발용 제품류",102.3,768,3.5,43,724
"2018","필리핀","3307","면도용 제품류ㆍ인체용 탈취제ㆍ목욕용 조제품ㆍ탈모제와 그 밖의 조제향료ㆍ따로 분류되지 않은 화장품이나 화장용품ㆍ실내용 조제 탈취제(향을 첨가한 것인지 또는 살균성이 있는 것인지에 상관없다)",788.8,4704,2.4,76,4627
"2018","호주","3304","미용이나 메이크업용 제품류와 기초화장용 제품류[의약품은 제외하며, 선스크린(sunscreen)과 선탠(sun tan) 제품류를 포함한다], 매니큐어용 제품류와 페디큐어(pedicure)용 제품류",2012.6,25830,409.2,12169,13661
"2018","호주","3305","두발용 제품류",278.1,1981,326.0,1375,606
"2018","호주","3307","면도용 제품류ㆍ인체용 탈취제ㆍ목욕용 조제품ㆍ탈모제와 그 밖의 조제향료ㆍ따로 분류되지 않은 화장품이나 화장용품ㆍ실내용 조제 탈취제(향을 첨가한 것인지 또는 살균성이 있는 것인지에 상관없다)",382.1,2656,628.8,5061,-2405
"2018","홍콩","3304","미용이나 메이크업용 제품류와 기초화장용 제품류[의약품은 제외하며, 선스크린(sunscreen)과 선탠(sun tan) 제품류를 포함한다], 매니큐어용 제품류와 페디큐어(pedicure)용 제품류",42742.9,1034660,179.6,5432,1029228
"2018","홍콩","3305","두발용 제품류",2265.6,15756,24.6,601,15156
"2018","홍콩","3307","면도용 제품류ㆍ인체용 탈취제ㆍ목욕용 조제품ㆍ탈모제와 그 밖의 조제향료ㆍ따로 분류되지 않은 화장품이나 화장용품ㆍ실내용 조제 탈취제(향을 첨가한 것인지 또는 살균성이 있는 것인지에 상관없다)",18642.3,249444,46.8,855,248589
"2019","대만","3304","미용이나 메이크업용 제품류와 기초화장용 제품류[의약품은 제외하며, 선스크린(sunscreen)과 선탠(sun tan) 제품류를 포함한다], 매니큐어용 제품류와 페디큐어(pedicure)용 제품류",5279.1,119371,167.0,2759,116611
"2019","대만","3305","두발용 제품류",2105.6,13823,32.8,624,13199
"2019","대만","3307","면도용 제품류ㆍ인체용 탈취제ㆍ목욕용 조제품ㆍ탈모제와 그 밖의 조제향료ㆍ따로 분류되지 않은 화장품이나 화장용품ㆍ실내용 조제 탈취제(향을 첨가한 것인지 또는 살균성이 있는 것인지에 상관없다)",2629.7,14021,69.5,2046,11975
"2019","독일","3304","미용이나 메이크업용 제품류와 기초화장용 제품류[의약품은 제외하며, 선스크린(sunscreen)과 선탠(sun tan) 제품류를 포함한다], 매니큐어용 제품류와 페디큐어(pedicure)용 제품류",583.5,13211,1577.4,40893,-27682
"2019","독일","3305","두발용 제품류",36.1,325,298.6,4145,-3820
"2019","독일","3307","면도용 제품류ㆍ인체용 탈취제ㆍ목욕용 조제품ㆍ탈모제와 그 밖의 조제향료ㆍ따로 분류되지 않은 화장품이나 화장용품ㆍ실내용 조제 탈취제(향을 첨가한 것인지 또는 살균성이 있는 것인지에 상관없다)",155.4,2835,701.3,4313,-1478
"2019","러시아 연방","3304","미용이나 메이크업용 제품류와 기초화장용 제품류[의약품은 제외하며, 선스크린(sunscreen)과 선탠(sun tan) 제품류를 포함한다], 매니큐어용 제품류와 페디큐어(pedicure)용 제품류",10167.3,180727,8.8,317,180411
"2019","러시아 연방","3305","두발용 제품류",2033.8,11093,0.1,4,11089
"2019","러시아 연방","3307","면도용 제품류ㆍ인체용 탈취제ㆍ목욕용 조제품ㆍ탈모제와 그 밖의 조제향료ㆍ따로 분류되지 않은 화장품이나 화장용품ㆍ실내용 조제 탈취제(향을 첨가한 것인지 또는 살균성이 있는 것인지에 상관없다)",1930.3,16671,0.6,3,16668
"2019","말레이시아","3304","미용이나 메이크업용 제품류와 기초화장용 제품류[의약품은 제외하며, 선스크린(sunscreen)과 선탠(sun tan) 제품류를 포함한다], 매니큐어용 제품류와 페디큐어(pedicure)용 제품류",2192.8,65952,812.4,4769,61183
"2019","말레이시아","3305","두발용 제품류",873.6,8196,178.2,983,7213
"2019","말레이시아","3307","면도용 제품류ㆍ인체용 탈취제ㆍ목욕용 조제품ㆍ탈모제와 그 밖의 조제향료ㆍ따로 분류되지 않은 화장품이나 화장용품ㆍ실내용 조제 탈취제(향을 첨가한 것인지 또는 살균성이 있는 것인지에 상관없다)",1017.9,8901,54.2,1073,7828
"2019","미국","3304","미용이나 메이크업용 제품류와 기초화장용 제품류[의약품은 제외하며, 선스크린(sunscreen)과 선탠(sun tan) 제품류를 포함한다], 매니큐어용 제품류와 페디큐어(pedicure)용 제품류",19889.5,430383,5944.5,231616,198768
"2019","미국","3305","두발용 제품류",2730.3,24128,4403.7,58788,-34659
"2019","미국","3307","면도용 제품류ㆍ인체용 탈취제ㆍ목욕용 조제품ㆍ탈모제와 그 밖의 조제향료ㆍ따로 분류되지 않은 화장품이나 화장용품ㆍ실내용 조제 탈취제(향을 첨가한 것인지 또는 살균성이 있는 것인지에 상관없다)",6813.3,62279,5764.1,45542,16737
"2019","베트남","3304","미용이나 메이크업용 제품류와 기초화장용 제품류[의약품은 제외하며, 선스크린(sunscreen)과 선탠(sun tan) 제품류를 포함한다], 매니큐어용 제품류와 페디큐어(pedicure)용 제품류",4967.3,193357,47.2,2245,191112
"2019","베트남","3305","두발용 제품류",1421.5,8899,26.7,368,8532
"2019","베트남","3307","면도용 제품류ㆍ인체용 탈취제ㆍ목욕용 조제품ㆍ탈모제와 그 밖의 조제향료ㆍ따로 분류되지 않은 화장품이나 화장용품ㆍ실내용 조제 탈취제(향을 첨가한 것인지 또는 살균성이 있는 것인지에 상관없다)",3039.7,15929,5536.0,15457,472
"2019","싱가포르","3304","미용이나 메이크업용 제품류와 기초화장용 제품류[의약품은 제외하며, 선스크린(sunscreen)과 선탠(sun tan) 제품류를 포함한다], 매니큐어용 제품류와 페디큐어(pedicure)용 제품류",3576.3,107347,71.1,8017,99330
"2019","싱가포르","3305","두발용 제품류",786.4,6163,4.5,91,6072
"2019","싱가포르","3307","면도용 제품류ㆍ인체용 탈취제ㆍ목욕용 조제품ㆍ탈모제와 그 밖의 조제향료ㆍ따로 분류되지 않은 화장품이나 화장용품ㆍ실내용 조제 탈취제(향을 첨가한 것인지 또는 살균성이 있는 것인지에 상관없다)",1518.6,8053,7.7,124,7929
"2019","아랍에미리트 연합","3304","미용이나 메이크업용 제품류와 기초화장용 제품류[의약품은 제외하며, 선스크린(sunscreen)과 선탠(sun tan) 제품류를 포함한다], 매니큐어용 제품류와 페디큐어(pedicure)용 제품류",586.3,13756,67.1,781,12975
"2019","아랍에미리트 연합","3305","두발용 제품류",114.8,1435,0.4,3,1432
"2019","아랍에미리트 연합","3307","면도용 제품류ㆍ인체용 탈취제ㆍ목욕용 조제품ㆍ탈모제와 그 밖의 조제향료ㆍ따로 분류되지 않은 화장품이나 화장용품ㆍ실내용 조제 탈취제(향을 첨가한 것인지 또는 살균성이 있는 것인지에 상관없다)",235.1,2039,0.1,4,2035
"2019","영국","3304","미용이나 메이크업용 제품류와 기초화장용 제품류[의약품은 제외하며, 선스크린(sunscreen)과 선탠(sun tan) 제품류를 포함한다], 매니큐어용 제품류와 페디큐어(pedicure)용 제품류",926.9,35013,804.8,29576,5437
"2019","영국","3305","두발용 제품류",6.8,206,248.1,2762,-2556
"2019","영국","3307","면도용 제품류ㆍ인체용 탈취제ㆍ목욕용 조제품ㆍ탈모제와 그 밖의 조제향료ㆍ따로 분류되지 않은 화장품이나 화장용품ㆍ실내용 조제 탈취제(향을 첨가한 것인지 또는 살균성이 있는 것인지에 상관없다)",948.8,9556,227.8,3002,6554
"2019","인도","3304","미용이나 메이크업용 제품류와 기초화장용 제품류[의약품은 제외하며, 선스크린(sunscreen)과 선탠(sun tan) 제품류를 포함한다], 매니큐어용 제품류와 페디큐어(pedicure)용 제품류",1013.8,14001,504.9,2485,11516
"2019","인도","3305","두발용 제품류",104.4,978,350.9,3995,-3017
"2019","인도","3307","면도용 제품류ㆍ인체용 탈취제ㆍ목욕용 조제품ㆍ탈모제와 그 밖의 조제향료ㆍ따로 분류되지 않은 화장품이나 화장용품ㆍ실내용 조제 탈취제(향을 첨가한 것인지 또는 살균성이 있는 것인지에 상관없다)",137.5,1694,56.3,384,1310
"2019","인도네시아","3304","미용이나 메이크업용 제품류와 기초화장용 제품류[의약품은 제외하며, 선스크린(sunscreen)과 선탠(sun tan) 제품류를 포함한다], 매니큐어용 제품류와 페디큐어(pedicure)용 제품류",2317.6,54159,25.3,527,53632
"2019","인도네시아","3305","두발용 제품류",187.0,2069,335.6,1298,770
"2019","인도네시아","3307","면도용 제품류ㆍ인체용 탈취제ㆍ목욕용 조제품ㆍ탈모제와 그 밖의 조제향료ㆍ따로 분류되지 않은 화장품이나 화장용품ㆍ실내용 조제 탈취제(향을 첨가한 것인지 또는 살균성이 있는 것인지에 상관없다)",738.7,3928,34.8,540,3388
"2019","일본","3304","미용이나 메이크업용 제품류와 기초화장용 제품류[의약품은 제외하며, 선스크린(sunscreen)과 선탠(sun tan) 제품류를 포함한다], 매니큐어용 제품류와 페디큐어(pedicure)용 제품류",9435.9,342759,4222.8,145075,197683
"2019","일본","3305","두발용 제품류",893.4,17634,3278.0,43396,-25762
"2019","일본","3307","면도용 제품류ㆍ인체용 탈취제ㆍ목욕용 조제품ㆍ탈모제와 그 밖의 조제향료ㆍ따로 분류되지 않은 화장품이나 화장용품ㆍ실내용 조제 탈취제(향을 첨가한 것인지 또는 살균성이 있는 것인지에 상관없다)",6119.1,37549,1054.2,12978,24571
"2019","중국","3304","미용이나 메이크업용 제품류와 기초화장용 제품류[의약품은 제외하며, 선스크린(sunscreen)과 선탠(sun tan) 제품류를 포함한다], 매니큐어용 제품류와 페디큐어(pedicure)용 제품류",96175.0,2440142,1698.0,30474,2409668
"2019","중국","3305","두발용 제품류",23337.7,156397,2950.8,14548,141848
"2019","중국","3307","면도용 제품류ㆍ인체용 탈취제ㆍ목욕용 조제품ㆍ탈모제와 그 밖의 조제향료ㆍ따로 분류되지 않은 화장품이나 화장용품ㆍ실내용 조제 탈취제(향을 첨가한 것인지 또는 살균성이 있는 것인지에 상관없다)",32638.8,396763,4962.6,37441,359322
"2019","캐나다","3304","미용이나 메이크업용 제품류와 기초화장용 제품류[의약품은 제외하며, 선스크린(sunscreen)과 선탠(sun tan) 제품류를 포함한다], 매니큐어용 제품류와 페디큐어(pedicure)용 제품류",1142.9,25683,2395.5,31529,-5845
"2019","캐나다","3305","두발용 제품류",289.4,2150,70.9,810,1339
"2019","캐나다","3307","면도용 제품류ㆍ인체용 탈취제ㆍ목욕용 조제품ㆍ탈모제와 그 밖의 조제향료ㆍ따로 분류되지 않은 화장품이나 화장용품ㆍ실내용 조제 탈취제(향을 첨가한 것인지 또는 살균성이 있는 것인지에 상관없다)",319.3,3646,36.2,674,2972
"2019","태국","3304","미용이나 메이크업용 제품류와 기초화장용 제품류[의약품은 제외하며, 선스크린(sunscreen)과 선탠(sun tan) 제품류를 포함한다], 매니큐어용 제품류와 페디큐어(pedicure)용 제품류",3443.4,117490,694.8,7564,109926
"2019","태국","3305","두발용 제품류",356.8,3389,7841.7,44365,-40976
"2019","태국","3307","면도용 제품류ㆍ인체용 탈취제ㆍ목욕용 조제품ㆍ탈모제와 그 밖의 조제향료ㆍ따로 분류되지 않은 화장품이나 화장용품ㆍ실내용 조제 탈취제(향을 첨가한 것인지 또는 살균성이 있는 것인지에 상관없다)",2088.7,13618,2088.3,9981,3637
"2019","튀르키예","3304","미용이나 메이크업용 제품류와 기초화장용 제품류[의약품은 제외하며, 선스크린(sunscreen)과 선탠(sun tan) 제품류를 포함한다], 매니큐어용 제품류와 페디큐어(pedicure)용 제품류",458.0,10682,1.9,166,10516
"2019","튀르키예","3305","두발용 제품류",27.2,499,1.7,14,485
"2019","튀르키예","3307","면도용 제품류ㆍ인체용 탈취제ㆍ목욕용 조제품ㆍ탈모제와 그 밖의 조제향료ㆍ따로 분류되지 않은 화장품이나 화장용품ㆍ실내용 조제 탈취제(향을 첨가한 것인지 또는 살균성이 있는 것인지에 상관없다)",153.1,2102,285.9,953,1148
"2019","프랑스","3304","미용이나 메이크업용 제품류와 기초화장용 제품류[의약품은 제외하며, 선스크린(sunscreen)과 선탠(sun tan) 제품류를 포함한다], 매니큐어용 제품류와 페디큐어(pedicure)용 제품류",1050.1,39947,6632.3,332318,-292371
"2019","프랑스","3305","두발용 제품류",43.6,806,981.4,14965,-14158
"2019","프랑스","3307","면도용 제품류ㆍ인체용 탈취제ㆍ목욕용 조제품ㆍ탈모제와 그 밖의 조제향료ㆍ따로 분류되지 않은 화장품이나 화장용품ㆍ실내용 조제 탈취제(향을 첨가한 것인지 또는 살균성이 있는 것인지에 상관없다)",459.9,7015,559.6,11569,-4554
"2019","필리핀","3304","미용이나 메이크업용 제품류와 기초화장용 제품류[의약품은 제외하며, 선스크린(sunscreen)과 선탠(sun tan) 제품류를 포함한다], 매니큐어용 제품류와 페디큐어(pedicure)용 제품류",2768.7,37780,17.2,117,37663
"2019","필리핀","3305","두발용 제품류",236.0,1679,1.1,23,1656
"2019","필리핀","3307","면도용 제품류ㆍ인체용 탈취제ㆍ목욕용 조제품ㆍ탈모제와 그 밖의 조제향료ㆍ따로 분류되지 않은 화장품이나 화장용품ㆍ실내용 조제 탈취제(향을 첨가한 것인지 또는 살균성이 있는 것인지에 상관없다)",711.5,4349,2.6,72,4277
"2019","호주","3304","미용이나 메이크업용 제품류와 기초화장용 제품류[의약품은 제외하며, 선스크린(sunscreen)과 선탠(sun tan) 제품류를 포함한다], 매니큐어용 제품류와 페디큐어(pedicure)용 제품류",2187.2,27531,594.6,23779,3752
"2019","호주","3305","두발용 제품류",1015.6,6355,138.7,1164,5191
"2019","호주","3307","면도용 제품류ㆍ인체용 탈취제ㆍ목욕용 조제품ㆍ탈모제와 그 밖의 조제향료ㆍ따로 분류되지 않은 화장품이나 화장용품ㆍ실내용 조제 탈취제(향을 첨가한 것인지 또는 살균성이 있는 것인지에 상관없다)",510.4,4018,683.8,4707,-689
"2019","홍콩","3304","미용이나 메이크업용 제품류와 기초화장용 제품류[의약품은 제외하며, 선스크린(sunscreen)과 선탠(sun tan) 제품류를 포함한다], 매니큐어용 제품류와 페디큐어(pedicure)용 제품류",31008.0,789276,132.3,4474,784802
"2019","홍콩","3305","두발용 제품류",2159.4,13314,13.9,339,12975
"2019","홍콩","3307","면도용 제품류ㆍ인체용 탈취제ㆍ목욕용 조제품ㆍ탈모제와 그 밖의 조제향료ㆍ따로 분류되지 않은 화장품이나 화장용품ㆍ실내용 조제 탈취제(향을 첨가한 것인지 또는 살균성이 있는 것인지에 상관없다)",10798.4,110758,45.2,885,109873
"2020","대만","3304","미용이나 메이크업용 제품류와 기초화장용 제품류[의약품은 제외하며, 선스크린(sunscreen)과 선탠(sun tan) 제품류를 포함한다], 매니큐어용 제품류와 페디큐어(pedicure)용 제품류",5725.2,125574,141.7,2219,123355
"2020","대만","3305","두발용 제품류",2764.4,17067,19.9,456,16612
"2020","대만","3307","면도용 제품류ㆍ인체용 탈취제ㆍ목욕용 조제품ㆍ탈모제와 그 밖의 조제향료ㆍ따로 분류되지 않은 화장품이나 화장용품ㆍ실내용 조제 탈취제(향을 첨가한 것인지 또는 살균성이 있는 것인지에 상관없다)",1782.1,11352,36.5,880,10473
"2020","독일","3304","미용이나 메이크업용 제품류와 기초화장용 제품류[의약품은 제외하며, 선스크린(sunscreen)과 선탠(sun tan) 제품류를 포함한다], 매니큐어용 제품류와 페디큐어(pedicure)용 제품류",557.8,13965,1361.4,37347,-23382
"2020","독일","3305","두발용 제품류",27.9,360,433.6,6339,-5979
"2020","독일","3307","면도용 제품류ㆍ인체용 탈취제ㆍ목욕용 조제품ㆍ탈모제와 그 밖의 조제향료ㆍ따로 분류되지 않은 화장품이나 화장용품ㆍ실내용 조제 탈취제(향을 첨가한 것인지 또는 살균성이 있는 것인지에 상관없다)",124.0,1914,790.8,4994,-3080
"2020","러시아 연방","3304","미용이나 메이크업용 제품류와 기초화장용 제품류[의약품은 제외하며, 선스크린(sunscreen)과 선탠(sun tan) 제품류를 포함한다], 매니큐어용 제품류와 페디큐어(pedicure)용 제품류",10730.2,196073,24.6,868,195204
"2020","러시아 연방","3305","두발용 제품류",2304.3,14507,0.0,1,14506
"2020","러시아 연방","3307","면도용 제품류ㆍ인체용 탈취제ㆍ목욕용 조제품ㆍ탈모제와 그 밖의 조제향료ㆍ따로 분류되지 않은 화장품이나 화장용품ㆍ실내용 조제 탈취제(향을 첨가한 것인지 또는 살균성이 있는 것인지에 상관없다)",2962.0,27495,4.6,32,27464
"2020","말레이시아","3304","미용이나 메이크업용 제품류와 기초화장용 제품류[의약품은 제외하며, 선스크린(sunscreen)과 선탠(sun tan) 제품류를 포함한다], 매니큐어용 제품류와 페디큐어(pedicure)용 제품류",2212.5,62591,552.3,3609,58982
"2020","말레이시아","3305","두발용 제품류",1220.9,10643,185.6,951,9692
"2020","말레이시아","3307","면도용 제품류ㆍ인체용 탈취제ㆍ목욕용 조제품ㆍ탈모제와 그 밖의 조제향료ㆍ따로 분류되지 않은 화장품이나 화장용품ㆍ실내용 조제 탈취제(향을 첨가한 것인지 또는 살균성이 있는 것인지에 상관없다)",1174.5,9112,23.2,861,8251
"2020","미국","3304","미용이나 메이크업용 제품류와 기초화장용 제품류[의약품은 제외하며, 선스크린(sunscreen)과 선탠(sun tan) 제품류를 포함한다], 매니큐어용 제품류와 페디큐어(pedicure)용 제품류",21890.3,483104,5479.7,203660,279444
"2020","미국","3305","두발용 제품류",3801.8,30697,3753.6,51714,-21017
"2020","미국","3307","면도용 제품류ㆍ인체용 탈취제ㆍ목욕용 조제품ㆍ탈모제와 그 밖의 조제향료ㆍ따로 분류되지 않은 화장품이나 화장용품ㆍ실내용 조제 탈취제(향을 첨가한 것인지 또는 살균성이 있는 것인지에 상관없다)",20822.7,101751,5592.7,40750,61001
"2020","베트남","3304","미용이나 메이크업용 제품류와 기초화장용 제품류[의약품은 제외하며, 선스크린(sunscreen)과 선탠(sun tan) 제품류를 포함한다], 매니큐어용 제품류와 페디큐어(pedicure)용 제품류",6173.7,227306,122.3,1358,225949
"2020","베트남","3305","두발용 제품류",1800.7,10161,59.3,441,9720
"2020","베트남","3307","면도용 제품류ㆍ인체용 탈취제ㆍ목욕용 조제품ㆍ탈모제와 그 밖의 조제향료ㆍ따로 분류되지 않은 화장품이나 화장용품ㆍ실내용 조제 탈취제(향을 첨가한 것인지 또는 살균성이 있는 것인지에 상관없다)",2389.3,15084,5817.6,12905,2178
"2020","싱가포르","3304","미용이나 메이크업용 제품류와 기초화장용 제품류[의약품은 제외하며, 선스크린(sunscreen)과 선탠(sun tan) 제품류를 포함한다], 매니큐어용 제품류와 페디큐어(pedicure)용 제품류",3258.0,99404,73.0,9495,89908
"2020","싱가포르","3305","두발용 제품류",1206.3,10565,3.0,61,10504
"2020","싱가포르","3307","면도용 제품류ㆍ인체용 탈취제ㆍ목욕용 조제품ㆍ탈모제와 그 밖의 조제향료ㆍ따로 분류되지 않은 화장품이나 화장용품ㆍ실내용 조제 탈취제(향을 첨가한 것인지 또는 살균성이 있는 것인지에 상관없다)",1797.0,6833,4.1,92,6741
"2020","아랍에미리트 연합","3304","미용이나 메이크업용 제품류와 기초화장용 제품류[의약품은 제외하며, 선스크린(sunscreen)과 선탠(sun tan) 제품류를 포함한다], 매니큐어용 제품류와 페디큐어(pedicure)용 제품류",899.1,26930,88.2,859,26071
"2020","아랍에미리트 연합","3305","두발용 제품류",82.2,1400,6.7,94,1306
"2020","아랍에미리트 연합","3307","면도용 제품류ㆍ인체용 탈취제ㆍ목욕용 조제품ㆍ탈모제와 그 밖의 조제향료ㆍ따로 분류되지 않은 화장품이나 화장용품ㆍ실내용 조제 탈취제(향을 첨가한 것인지 또는 살균성이 있는 것인지에 상관없다)",323.8,2995,0.0,1,2995
"2020","영국","3304","미용이나 메이크업용 제품류와 기초화장용 제품류[의약품은 제외하며, 선스크린(sunscreen)과 선탠(sun tan) 제품류를 포함한다], 매니큐어용 제품류와 페디큐어(pedicure)용 제품류",1462.4,44968,810.7,35953,9014
"2020","영국","3305","두발용 제품류",29.6,256,618.4,5242,-4986
"2020","영국","3307","면도용 제품류ㆍ인체용 탈취제ㆍ목욕용 조제품ㆍ탈모제와 그 밖의 조제향료ㆍ따로 분류되지 않은 화장품이나 화장용품ㆍ실내용 조제 탈취제(향을 첨가한 것인지 또는 살균성이 있는 것인지에 상관없다)",1312.6,10327,170.5,3078,7249
"2020","인도","3304","미용이나 메이크업용 제품류와 기초화장용 제품류[의약품은 제외하며, 선스크린(sunscreen)과 선탠(sun tan) 제품류를 포함한다], 매니큐어용 제품류와 페디큐어(pedicure)용 제품류",687.8,14998,433.1,2317,12682
"2020","인도","3305","두발용 제품류",138.0,1568,285.2,3697,-2129
"2020","인도","3307","면도용 제품류ㆍ인체용 탈취제ㆍ목욕용 조제품ㆍ탈모제와 그 밖의 조제향료ㆍ따로 분류되지 않은 화장품이나 화장용품ㆍ실내용 조제 탈취제(향을 첨가한 것인지 또는 살균성이 있는 것인지에 상관없다)",134.0,1705,136.1,792,913
"2020","인도네시아","3304","미용이나 메이크업용 제품류와 기초화장용 제품류[의약품은 제외하며, 선스크린(sunscreen)과 선탠(sun tan) 제품류를 포함한다], 매니큐어용 제품류와 페디큐어(pedicure)용 제품류",2090.3,53031,25.6,555,52476
"2020","인도네시아","3305","두발용 제품류",224.9,2735,341.3,1200,1535
"2020","인도네시아","3307","면도용 제품류ㆍ인체용 탈취제ㆍ목욕용 조제품ㆍ탈모제와 그 밖의 조제향료ㆍ따로 분류되지 않은 화장품이나 화장용품ㆍ실내용 조제 탈취제(향을 첨가한 것인지 또는 살균성이 있는 것인지에 상관없다)",517.8,3762,39.7,561,3201
"2020","일본","3304","미용이나 메이크업용 제품류와 기초화장용 제품류[의약품은 제외하며, 선스크린(sunscreen)과 선탠(sun tan) 제품류를 포함한다], 매니큐어용 제품류와 페디큐어(pedicure)용 제품류",19704.0,547815,2594.6,103317,444497
"2020","일본","3305","두발용 제품류",1166.4,21347,2732.8,38127,-16780
"2020","일본","3307","면도용 제품류ㆍ인체용 탈취제ㆍ목욕용 조제품ㆍ탈모제와 그 밖의 조제향료ㆍ따로 분류되지 않은 화장품이나 화장용품ㆍ실내용 조제 탈취제(향을 첨가한 것인지 또는 살균성이 있는 것인지에 상관없다)",10520.5,75340,856.5,12904,62436
"2020","중국","3304","미용이나 메이크업용 제품류와 기초화장용 제품류[의약품은 제외하며, 선스크린(sunscreen)과 선탠(sun tan) 제품류를 포함한다], 매니큐어용 제품류와 페디큐어(pedicure)용 제품류",110517.1,3044521,1477.1,33158,3011363
"2020","중국","3305","두발용 제품류",24117.7,188339,2890.7,15066,173273
"2020","중국","3307","면도용 제품류ㆍ인체용 탈취제ㆍ목욕용 조제품ㆍ탈모제와 그 밖의 조제향료ㆍ따로 분류되지 않은 화장품이나 화장용품ㆍ실내용 조제 탈취제(향을 첨가한 것인지 또는 살균성이 있는 것인지에 상관없다)",36870.9,455526,3345.1,19614,435912
"2020","캐나다","3304","미용이나 메이크업용 제품류와 기초화장용 제품류[의약품은 제외하며, 선스크린(sunscreen)과 선탠(sun tan) 제품류를 포함한다], 매니큐어용 제품류와 페디큐어(pedicure)용 제품류",1389.0,30595,2525.0,28341,2254
"2020","캐나다","3305","두발용 제품류",307.9,2276,35.9,316,1960
"2020","캐나다","3307","면도용 제품류ㆍ인체용 탈취제ㆍ목욕용 조제품ㆍ탈모제와 그 밖의 조제향료ㆍ따로 분류되지 않은 화장품이나 화장용품ㆍ실내용 조제 탈취제(향을 첨가한 것인지 또는 살균성이 있는 것인지에 상관없다)",549.1,5850,32.3,595,5255
"2020","태국","3304","미용이나 메이크업용 제품류와 기초화장용 제품류[의약품은 제외하며, 선스크린(sunscreen)과 선탠(sun tan) 제품류를 포함한다], 매니큐어용 제품류와 페디큐어(pedicure)용 제품류",3811.5,106667,1281.5,15658,91009
"2020","태국","3305","두발용 제품류",433.5,4739,7731.7,39497,-34757
"2020","태국","3307","면도용 제품류ㆍ인체용 탈취제ㆍ목욕용 조제품ㆍ탈모제와 그 밖의 조제향료ㆍ따로 분류되지 않은 화장품이나 화장용품ㆍ실내용 조제 탈취제(향을 첨가한 것인지 또는 살균성이 있는 것인지에 상관없다)",2291.1,12634,2080.9,11052,1582
"2020","튀르키예","3304","미용이나 메이크업용 제품류와 기초화장용 제품류[의약품은 제외하며, 선스크린(sunscreen)과 선탠(sun tan) 제품류를 포함한다], 매니큐어용 제품류와 페디큐어(pedicure)용 제품류",592.7,14383,11.2,820,13563
"2020","튀르키예","3305","두발용 제품류",26.5,349,42.2,1069,-720
"2020","튀르키예","3307","면도용 제품류ㆍ인체용 탈취제ㆍ목욕용 조제품ㆍ탈모제와 그 밖의 조제향료ㆍ따로 분류되지 않은 화장품이나 화장용품ㆍ실내용 조제 탈취제(향을 첨가한 것인지 또는 살균성이 있는 것인지에 상관없다)",165.9,2070,84.8,371,1699
"2020","프랑스","3304","미용이나 메이크업용 제품류와 기초화장용 제품류[의약품은 제외하며, 선스크린(sunscreen)과 선탠(sun tan) 제품류를 포함한다], 매니큐어용 제품류와 페디큐어(pedicure)용 제품류",1061.4,39317,6300.3,281973,-242656
"2020","프랑스","3305","두발용 제품류",67.6,1062,866.2,13938,-12876
"2020","프랑스","3307","면도용 제품류ㆍ인체용 탈취제ㆍ목욕용 조제품ㆍ탈모제와 그 밖의 조제향료ㆍ따로 분류되지 않은 화장품이나 화장용품ㆍ실내용 조제 탈취제(향을 첨가한 것인지 또는 살균성이 있는 것인지에 상관없다)",544.8,7683,495.2,14012,-6328
"2020","필리핀","3304","미용이나 메이크업용 제품류와 기초화장용 제품류[의약품은 제외하며, 선스크린(sunscreen)과 선탠(sun tan) 제품류를 포함한다], 매니큐어용 제품류와 페디큐어(pedicure)용 제품류",3329.5,31248,12.5,105,31143
"2020","필리핀","3305","두발용 제품류",195.1,1377,2.3,36,1341
"2020","필리핀","3307","면도용 제품류ㆍ인체용 탈취제ㆍ목욕용 조제품ㆍ탈모제와 그 밖의 조제향료ㆍ따로 분류되지 않은 화장품이나 화장용품ㆍ실내용 조제 탈취제(향을 첨가한 것인지 또는 살균성이 있는 것인지에 상관없다)",605.1,3954,1.4,53,3901
"2020","호주","3304","미용이나 메이크업용 제품류와 기초화장용 제품류[의약품은 제외하며, 선스크린(sunscreen)과 선탠(sun tan) 제품류를 포함한다], 매니큐어용 제품류와 페디큐어(pedicure)용 제품류",2265.6,31984,478.5,16424,15560
"2020","호주","3305","두발용 제품류",547.5,3882,48.3,904,2978
"2020","호주","3307","면도용 제품류ㆍ인체용 탈취제ㆍ목욕용 조제품ㆍ탈모제와 그 밖의 조제향료ㆍ따로 분류되지 않은 화장품이나 화장용품ㆍ실내용 조제 탈취제(향을 첨가한 것인지 또는 살균성이 있는 것인지에 상관없다)",1295.9,5934,617.2,3625,2309
"2020","홍콩","3304","미용이나 메이크업용 제품류와 기초화장용 제품류[의약품은 제외하며, 선스크린(sunscreen)과 선탠(sun tan) 제품류를 포함한다], 매니큐어용 제품류와 페디큐어(pedicure)용 제품류",17035.3,614045,169.2,5905,608140
"2020","홍콩","3305","두발용 제품류",2302.1,14565,15.1,319,14246
"2020","홍콩","3307","면도용 제품류ㆍ인체용 탈취제ㆍ목욕용 조제품ㆍ탈모제와 그 밖의 조제향료ㆍ따로 분류되지 않은 화장품이나 화장용품ㆍ실내용 조제 탈취제(향을 첨가한 것인지 또는 살균성이 있는 것인지에 상관없다)",8380.5,70736,57.1,1381,69355
"2021","대만","3304","미용이나 메이크업용 제품류와 기초화장용 제품류[의약품은 제외하며, 선스크린(sunscreen)과 선탠(sun tan) 제품류를 포함한다], 매니큐어용 제품류와 페디큐어(pedicure)용 제품류",5943.4,125970,134.5,1927,124044
"2021","대만","3305","두발용 제품류",2845.3,18454,14.9,415,18039
"2021","대만","3307","면도용 제품류ㆍ인체용 탈취제ㆍ목욕용 조제품ㆍ탈모제와 그 밖의 조제향료ㆍ따로 분류되지 않은 화장품이나 화장용품ㆍ실내용 조제 탈취제(향을 첨가한 것인지 또는 살균성이 있는 것인지에 상관없다)",1638.3,10731,16.3,680,10051
"2021","독일","3304","미용이나 메이크업용 제품류와 기초화장용 제품류[의약품은 제외하며, 선스크린(sunscreen)과 선탠(sun tan) 제품류를 포함한다], 매니큐어용 제품류와 페디큐어(pedicure)용 제품류",554.4,22856,1475.7,39628,-16772
"2021","독일","3305","두발용 제품류",35.4,462,466.5,6958,-6496
"2021","독일","3307","면도용 제품류ㆍ인체용 탈취제ㆍ목욕용 조제품ㆍ탈모제와 그 밖의 조제향료ㆍ따로 분류되지 않은 화장품이나 화장용품ㆍ실내용 조제 탈취제(향을 첨가한 것인지 또는 살균성이 있는 것인지에 상관없다)",200.0,3414,688.8,4210,-796
"2021","러시아 연방","3304","미용이나 메이크업용 제품류와 기초화장용 제품류[의약품은 제외하며, 선스크린(sunscreen)과 선탠(sun tan) 제품류를 포함한다], 매니큐어용 제품류와 페디큐어(pedicure)용 제품류",11848.6,228752,8.4,477,228275
"2021","러시아 연방","3305","두발용 제품류",3172.8,19378,0.1,3,19375
"2021","러시아 연방","3307","면도용 제품류ㆍ인체용 탈취제ㆍ목욕용 조제품ㆍ탈모제와 그 밖의 조제향료ㆍ따로 분류되지 않은 화장품이나 화장용품ㆍ실내용 조제 탈취제(향을 첨가한 것인지 또는 살균성이 있는 것인지에 상관없다)",4079.3,33991,8.3,53,33938
"2021","말레이시아","3304","미용이나 메이크업용 제품류와 기초화장용 제품류[의약품은 제외하며, 선스크린(sunscreen)과 선탠(sun tan) 제품류를 포함한다], 매니큐어용 제품류와 페디큐어(pedicure)용 제품류",2673.8,72962,635.1,3644,69318
"2021","말레이시아","3305","두발용 제품류",1552.7,14627,178.9,1067,13559
"2021","말레이시아","3307","면도용 제품류ㆍ인체용 탈취제ㆍ목욕용 조제품ㆍ탈모제와 그 밖의 조제향료ㆍ따로 분류되지 않은 화장품이나 화장용품ㆍ실내용 조제 탈취제(향을 첨가한 것인지 또는 살균성이 있는 것인지에 상관없다)",996.3,10290,23.3,835,9455
"2021","미국","3304","미용이나 메이크업용 제품류와 기초화장용 제품류[의약품은 제외하며, 선스크린(sunscreen)과 선탠(sun tan) 제품류를 포함한다], 매니큐어용 제품류와 페디큐어(pedicure)용 제품류",28611.1,662152,5474.8,220692,441460
"2021","미국","3305","두발용 제품류",4847.9,63878,4075.0,60373,3504
"2021","미국","3307","면도용 제품류ㆍ인체용 탈취제ㆍ목욕용 조제품ㆍ탈모제와 그 밖의 조제향료ㆍ따로 분류되지 않은 화장품이나 화장용품ㆍ실내용 조제 탈취제(향을 첨가한 것인지 또는 살균성이 있는 것인지에 상관없다)",20747.0,94263,5692.4,46904,47359
"2021","베트남","3304","미용이나 메이크업용 제품류와 기초화장용 제품류[의약품은 제외하며, 선스크린(sunscreen)과 선탠(sun tan) 제품류를 포함한다], 매니큐어용 제품류와 페디큐어(pedicure)용 제품류",7682.2,263588,167.9,2699,260889
"2021","베트남","3305","두발용 제품류",1558.4,9847,39.7,311,9536
"2021","베트남","3307","면도용 제품류ㆍ인체용 탈취제ㆍ목욕용 조제품ㆍ탈모제와 그 밖의 조제향료ㆍ따로 분류되지 않은 화장품이나 화장용품ㆍ실내용 조제 탈취제(향을 첨가한 것인지 또는 살균성이 있는 것인지에 상관없다)",3036.1,15653,4577.1,11639,4014
"2021","싱가포르","3304","미용이나 메이크업용 제품류와 기초화장용 제품류[의약품은 제외하며, 선스크린(sunscreen)과 선탠(sun tan) 제품류를 포함한다], 매니큐어용 제품류와 페디큐어(pedicure)용 제품류",3235.1,90222,72.5,11495,78727
"2021","싱가포르","3305","두발용 제품류",1260.6,12269,2.7,59,12210
"2021","싱가포르","3307","면도용 제품류ㆍ인체용 탈취제ㆍ목욕용 조제품ㆍ탈모제와 그 밖의 조제향료ㆍ따로 분류되지 않은 화장품이나 화장용품ㆍ실내용 조제 탈취제(향을 첨가한 것인지 또는 살균성이 있는 것인지에 상관없다)",1955.7,6923,6.2,168,6755
"2021","아랍에미리트 연합","3304","미용이나 메이크업용 제품류와 기초화장용 제품류[의약품은 제외하며, 선스크린(sunscreen)과 선탠(sun tan) 제품류를 포함한다], 매니큐어용 제품류와 페디큐어(pedicure)용 제품류",875.8,38804,41.8,507,38297
"2021","아랍에미리트 연합","3305","두발용 제품류",126.8,1668,1.4,5,1663
"2021","아랍에미리트 연합","3307","면도용 제품류ㆍ인체용 탈취제ㆍ목욕용 조제품ㆍ탈모제와 그 밖의 조제향료ㆍ따로 분류되지 않은 화장품이나 화장용품ㆍ실내용 조제 탈취제(향을 첨가한 것인지 또는 살균성이 있는 것인지에 상관없다)",237.3,2016,0.1,24,1991
"2021","영국","3304","미용이나 메이크업용 제품류와 기초화장용 제품류[의약품은 제외하며, 선스크린(sunscreen)과 선탠(sun tan) 제품류를 포함한다], 매니큐어용 제품류와 페디큐어(pedicure)용 제품류",1670.2,56263,701.8,31257,25006
"2021","영국","3305","두발용 제품류",20.4,261,284.1,3224,-2963
"2021","영국","3307","면도용 제품류ㆍ인체용 탈취제ㆍ목욕용 조제품ㆍ탈모제와 그 밖의 조제향료ㆍ따로 분류되지 않은 화장품이나 화장용품ㆍ실내용 조제 탈취제(향을 첨가한 것인지 또는 살균성이 있는 것인지에 상관없다)",710.6,7434,230.3,4821,2613
"2021","인도","3304","미용이나 메이크업용 제품류와 기초화장용 제품류[의약품은 제외하며, 선스크린(sunscreen)과 선탠(sun tan) 제품류를 포함한다], 매니큐어용 제품류와 페디큐어(pedicure)용 제품류",1391.9,25111,919.2,8019,17092
"2021","인도","3305","두발용 제품류",143.9,1941,457.0,4209,-2268
"2021","인도","3307","면도용 제품류ㆍ인체용 탈취제ㆍ목욕용 조제품ㆍ탈모제와 그 밖의 조제향료ㆍ따로 분류되지 않은 화장품이나 화장용품ㆍ실내용 조제 탈취제(향을 첨가한 것인지 또는 살균성이 있는 것인지에 상관없다)",201.5,2131,265.3,1851,280
"2021","인도네시아","3304","미용이나 메이크업용 제품류와 기초화장용 제품류[의약품은 제외하며, 선스크린(sunscreen)과 선탠(sun tan) 제품류를 포함한다], 매니큐어용 제품류와 페디큐어(pedicure)용 제품류",2290.6,60960,21.1,322,60638
"2021","인도네시아","3305","두발용 제품류",288.5,2994,401.6,1345,1648
"2021","인도네시아","3307","면도용 제품류ㆍ인체용 탈취제ㆍ목욕용 조제품ㆍ탈모제와 그 밖의 조제향료ㆍ따로 분류되지 않은 화장품이나 화장용품ㆍ실내용 조제 탈취제(향을 첨가한 것인지 또는 살균성이 있는 것인지에 상관없다)",559.1,3070,32.0,393,2677
"2021","일본","3304","미용이나 메이크업용 제품류와 기초화장용 제품류[의약품은 제외하며, 선스크린(sunscreen)과 선탠(sun tan) 제품류를 포함한다], 매니큐어용 제품류와 페디큐어(pedicure)용 제품류",17873.6,665309,3299.1,105641,559668
"2021","일본","3305","두발용 제품류",2867.2,37481,3039.6,41181,-3701
"2021","일본","3307","면도용 제품류ㆍ인체용 탈취제ㆍ목욕용 조제품ㆍ탈모제와 그 밖의 조제향료ㆍ따로 분류되지 않은 화장품이나 화장용품ㆍ실내용 조제 탈취제(향을 첨가한 것인지 또는 살균성이 있는 것인지에 상관없다)",8522.6,81630,970.4,15635,65996
"2021","중국","3304","미용이나 메이크업용 제품류와 기초화장용 제품류[의약품은 제외하며, 선스크린(sunscreen)과 선탠(sun tan) 제품류를 포함한다], 매니큐어용 제품류와 페디큐어(pedicure)용 제품류",125492.4,4131603,1648.4,44606,4086997
"2021","중국","3305","두발용 제품류",22431.0,177621,2998.2,17488,160132
"2021","중국","3307","면도용 제품류ㆍ인체용 탈취제ㆍ목욕용 조제품ㆍ탈모제와 그 밖의 조제향료ㆍ따로 분류되지 않은 화장품이나 화장용품ㆍ실내용 조제 탈취제(향을 첨가한 것인지 또는 살균성이 있는 것인지에 상관없다)",35818.6,421853,3890.4,24618,397235
"2021","캐나다","3304","미용이나 메이크업용 제품류와 기초화장용 제품류[의약품은 제외하며, 선스크린(sunscreen)과 선탠(sun tan) 제품류를 포함한다], 매니큐어용 제품류와 페디큐어(pedicure)용 제품류",1283.3,32847,2285.5,24880,7967
"2021","캐나다","3305","두발용 제품류",251.9,2134,17.7,185,1949
"2021","캐나다","3307","면도용 제품류ㆍ인체용 탈취제ㆍ목욕용 조제품ㆍ탈모제와 그 밖의 조제향료ㆍ따로 분류되지 않은 화장품이나 화장용품ㆍ실내용 조제 탈취제(향을 첨가한 것인지 또는 살균성이 있는 것인지에 상관없다)",362.6,4840,34.9,656,4184
"2021","태국","3304","미용이나 메이크업용 제품류와 기초화장용 제품류[의약품은 제외하며, 선스크린(sunscreen)과 선탠(sun tan) 제품류를 포함한다], 매니큐어용 제품류와 페디큐어(pedicure)용 제품류",3795.1,112057,1331.4,14627,97430
"2021","태국","3305","두발용 제품류",944.5,6554,8690.1,48603,-42049
"2021","태국","3307","면도용 제품류ㆍ인체용 탈취제ㆍ목욕용 조제품ㆍ탈모제와 그 밖의 조제향료ㆍ따로 분류되지 않은 화장품이나 화장용품ㆍ실내용 조제 탈취제(향을 첨가한 것인지 또는 살균성이 있는 것인지에 상관없다)",2130.4,10996,1992.4,11779,-782
"2021","튀르키예","3304","미용이나 메이크업용 제품류와 기초화장용 제품류[의약품은 제외하며, 선스크린(sunscreen)과 선탠(sun tan) 제품류를 포함한다], 매니큐어용 제품류와 페디큐어(pedicure)용 제품류",707.8,22126,11.4,234,21893
"2021","튀르키예","3305","두발용 제품류",33.2,642,43.9,258,384
"2021","튀르키예","3307","면도용 제품류ㆍ인체용 탈취제ㆍ목욕용 조제품ㆍ탈모제와 그 밖의 조제향료ㆍ따로 분류되지 않은 화장품이나 화장용품ㆍ실내용 조제 탈취제(향을 첨가한 것인지 또는 살균성이 있는 것인지에 상관없다)",334.0,2911,35.8,159,2752
"2021","프랑스","3304","미용이나 메이크업용 제품류와 기초화장용 제품류[의약품은 제외하며, 선스크린(sunscreen)과 선탠(sun tan) 제품류를 포함한다], 매니큐어용 제품류와 페디큐어(pedicure)용 제품류",1164.3,49654,5753.0,270479,-220825
"2021","프랑스","3305","두발용 제품류",54.1,821,976.6,18657,-17836
"2021","프랑스","3307","면도용 제품류ㆍ인체용 탈취제ㆍ목욕용 조제품ㆍ탈모제와 그 밖의 조제향료ㆍ따로 분류되지 않은 화장품이나 화장용품ㆍ실내용 조제 탈취제(향을 첨가한 것인지 또는 살균성이 있는 것인지에 상관없다)",509.8,6584,621.0,21729,-15145
"2021","필리핀","3304","미용이나 메이크업용 제품류와 기초화장용 제품류[의약품은 제외하며, 선스크린(sunscreen)과 선탠(sun tan) 제품류를 포함한다], 매니큐어용 제품류와 페디큐어(pedicure)용 제품류",2943.1,34953,14.8,223,34730
"2021","필리핀","3305","두발용 제품류",302.8,1652,2.1,49,1603
"2021","필리핀","3307","면도용 제품류ㆍ인체용 탈취제ㆍ목욕용 조제품ㆍ탈모제와 그 밖의 조제향료ㆍ따로 분류되지 않은 화장품이나 화장용품ㆍ실내용 조제 탈취제(향을 첨가한 것인지 또는 살균성이 있는 것인지에 상관없다)",421.7,3019,1.8,84,2935
"2021","호주","3304","미용이나 메이크업용 제품류와 기초화장용 제품류[의약품은 제외하며, 선스크린(sunscreen)과 선탠(sun tan) 제품류를 포함한다], 매니큐어용 제품류와 페디큐어(pedicure)용 제품류",2221.5,36893,587.8,24596,12297
"2021","호주","3305","두발용 제품류",245.8,2332,51.2,1621,711
"2021","호주","3307","면도용 제품류ㆍ인체용 탈취제ㆍ목욕용 조제품ㆍ탈모제와 그 밖의 조제향료ㆍ따로 분류되지 않은 화장품이나 화장용품ㆍ실내용 조제 탈취제(향을 첨가한 것인지 또는 살균성이 있는 것인지에 상관없다)",616.9,3725,525.8,5358,-1633
"2021","홍콩","3304","미용이나 메이크업용 제품류와 기초화장용 제품류[의약품은 제외하며, 선스크린(sunscreen)과 선탠(sun tan) 제품류를 포함한다], 매니큐어용 제품류와 페디큐어(pedicure)용 제품류",13507.8,489940,42.0,5005,484935
"2021","홍콩","3305","두발용 제품류",1538.5,14028,12.3,356,13672
"2021","홍콩","3307","면도용 제품류ㆍ인체용 탈취제ㆍ목욕용 조제품ㆍ탈모제와 그 밖의 조제향료ㆍ따로 분류되지 않은 화장품이나 화장용품ㆍ실내용 조제 탈취제(향을 첨가한 것인지 또는 살균성이 있는 것인지에 상관없다)",7215.2,59632,6.7,342,59291